ID,Centrality
DM_10fthf5glu,0.06069848140443782
DM_10fthf6glu,0.060698580965486054
DM_10fthf7glu,0.06963436557170768
DM_5thf,0.0606134900912171
DM_6dhf,0.06069864807797909
DM_6thf,0.060698580823190455
DM_7dhf,0.06963436559156964
DM_7thf,0.06963436555230704
DM_ahcys,0.056548745670374004
DM_atp(c),0.29469649470031983
DM_fald,0.08227097792746998
DM_for,0.07428287132391437
DM_pheme(c),0.07036204431375741
DM_q10(m),0.10046872017375608
DM_thf(c),0.05211201611536213
EX_3aib(e),0.08317124977570707
EX_4abut(e),0.04907541944821985
EX_ac(e),0.04907672990719727
EX_acac(e),0.04896537162556241
EX_acald(e),0.052442008848428485
EX_ala-B(e),0.05271450810291682
EX_arg-L(e),0.04769196917071716
EX_asn-L(e),0.04949904801527686
EX_bhb(e),0.04907672992241597
EX_btn(e),0.040176768828688696
EX_co2(e),0.05699558283358837
EX_crn(e),0.06840611967182142
EX_cyan(e),0.07875806547977915
EX_cys-L(e),0.03893323041290904
EX_etoh(e),0.05434461295982217
EX_fe2(e),0.04539315483991352
EX_glc(e),0.10519147779351688
EX_gln-L(e),0.03713577745231268
EX_glu-L(e),0.04242995629799878
EX_gly(e),0.03532501640255271
EX_glyc(e),0.0798523985242502
EX_h(e),0.034606806691447584
EX_h2o(e),0.08039950526124921
EX_h2o2(e),0.06396102234752155
EX_hco3(e),0.056776957352987795
EX_ile-L(e),0.06369600171511258
EX_k(e),0.03930381085811064
EX_lac-D(e),0.049076729913939215
EX_lac-L(e),0.04907421063211898
EX_leu-L(e),0.06369599921509302
EX_lys-L(e),0.04769473121321922
EX_na1(e),0.040823574647039666
EX_nh4(e),0.048627079849704075
EX_o2(e),0.05501974408488771
EX_o2s(e),0.07319292892749094
EX_orn(e),0.060421582740725836
EX_pe_hs(e),0.05271502217304894
EX_pi(e),0.06572998210763244
EX_ppa(e),0.07898834174062996
EX_pro-L(e),0.049076757728056815
EX_ps_hs(e),0.05271502217417653
EX_pyr(e),0.04915337501479514
EX_sarcs(e),0.08624759351956592
EX_ser-L(e),0.03717571059567844
EX_so4(e),0.056776957345934284
EX_tcynt(e),0.0787580654690139
EX_urea(e),0.08003189675292183
EX_val-L(e),0.06369600170810755
sink_4hpro-LT(m),0.052597312524066395
sink_amet,0.05654874566342662
sink_decdp,0.141373212440715
sink_dhf(c),0.06963462933391365
sink_dmgly,0.08227097792668281
sink_tyr-L(m),0.054865552031125295
10FTHF5GLUtm,0.10387790655321247
10FTHF6GLUtm,0.10387755099108963
10FTHF7GLUtm,0.1214702514005786
10FTHFtm,0.0402732452779381
"1a,24,25VITD2Hm",1.3898577557771783
"1a,24,25VITD3Hm",1.3898577557781615
"1a,25VITD2Hm",1.38985775578016
"1a,25VITD3Hm",1.389857755775715
"24,25VITD2Hm",1.3879571991994428
"24,25VITD3Hm",1.3879579324470626
25HVITD2t,0.04302092206448528
25HVITD2tin,0.043020922064846444
25HVITD2tin_m,0.04786517904446215
25HVITD2tm,0.04786517904429741
25HVITD3t,0.04302090190508718
25HVITD3tin,0.04302090190463801
25HVITD3tin_m,0.047867463365460945
25HVITD3tm,0.047867463365016315
25VITD2Hm,1.3879571992059747
25VITD3Hm,1.3879579324505025
2AMADPTm,0.045715926137082474
2OXOADOXm,0.2320428746684963
2OXOADPTm,0.044950957348773454
34HPLFM,1.1831380375740752
3AIBTm,0.3175093861531659
3AIBt,0.14372134946239637
3AIBtm,0.22421407508164387
3DPHBH1,1.47601682954242
3DPHBH2,1.405141132920604
3HBCDm,0.31165205797124657
3HBCOAHLm,1.5319075372650033
3SALAASPm,0.04006926588581157
3SALATAim,1.1843132581967488
3SPYRSPm,1.3830571750131693
4ABUTtm,0.03707995175022705
4HBZCOAFm,1.533986409916349
4HBZFm,1.555379441398113
4HGLSDm,1.4499793251905215
5AOPtm,0.04569797940755009
5HOXINDACTOXm,1.457410058901467
5THFtm,0.1037096937492134
6DHFtm,0.10387776398510822
6THFtm,0.10387755084901015
7DHFtm,0.12147025138837739
7THFtm,0.12147025138838938
AACOAT,0.15133894675302567
AACTOOR,0.19686883995414323
AACTtm,0.040500052053921695
AASAD3m,1.4595331345428424
AATAi,0.04007905249197125
ABTArm,0.06644372096000004
ABUTt2r,0.22582586447619699
ACACT10m,0.03815847882853187
ACACT1r,0.07828247338808286
ACACT1rm,0.04455384553736792
ACACt2,0.22788989194662596
ACACt2m,1.7638078573035003
ACALDt,0.08778087370926389
ACALDtm,0.04030575480861204
ACCOALm,0.48993429851141185
ACOAD10m,0.06200445888496102
ACOAD1fm,0.06305008833581678
ACOAD8m,0.060718286934699585
ACOAD9m,0.06200084155041503
ACONTm,0.05965634921615899
ACRNtm,0.05241846160147314
ACSm,0.15770151106946542
ACYP,2.469785467599567
ACt2m,1.7150996219217816
ACt2r,0.2281954795382422
ADCim,1.197384697993654
ADK1,0.06575247859970931
ADK1m,0.0787247357995365
ADK3m,0.061934160706761
ADPRDPm,1.4071014618526567
AGMTm,0.6670017724629255
AGPRim,1.2011583224299913
AGTim,0.04752710159226285
AKGDm,0.2515112195334391
AKGMALtm,0.050117701162388756
ALASm,1.3031258340698513
ALCD2if,0.20138833535446127
ALCD2yf,0.20260112349959383
ALDD20xm,1.457410058914363
ALDD2x,0.2273462383627541
ALDD2xm,1.460712983871559
ALDD2y,0.2284314521530214
ALR,0.22951838533001864
AMETt2m,0.1530190895031215
AOBUTDsm,1.2158266267855828
APAT2rm,0.06416879920680799
APOC_LYS_BTNPm,0.31119464690417914
APOCFm,1.3709904446825878
ARGDCm,1.2090984458269127
ARGLYSex,0.06735366076243154
ARGtiDF,0.04328782837235387
ARGtm,1.7254432931196375
ASNNm,0.30989001071873173
ASNt4,0.07980806666984548
ASNtm,0.040256706017625044
ASPGLUm,1.8019211393651624
ASPTA,0.0402148910566265
ASPTAm,0.07329727576994571
ATPS4m,6.184540883989411
ATPtm,0.20437220823305746
BACCLm,1.2638880167969322
BALAVECSEC,0.33691615574392686
BALAtmr,0.042040590378139404
BAMPPALDOXm,1.4507436632092763
BDHm,1.1827517560947762
BETALDHxm,1.4574100589161987
BHBt,0.2281954795209837
BHBtm,1.6960896729216457
BTNDm,0.31297240796840964
BTNPLm,1.137467893692588
BTNt2,0.19458483667597412
BTNt2m,1.7185813983860139
BTNt4i,0.19458483667839716
C160CPT2,0.09660388008960344
C160CRNt,0.052520599705998025
C204CPT2,0.04765584933320926
C226CPT2,0.04765584933347026
C2M26DCOAHLm,0.2989083483491015
CATm,0.31505571721374126
CBLATm,1.2183746979488221
CDPDAGtm,0.05222426843687207
CDSm,1.2073840902370927
CHSTEROLt3,0.12054552206050337
CITRtm,0.05298850281045604
CITtam,0.045518151496451456
CITtbm,0.5553289786570206
CK,0.10991157777189914
CO2t,0.09655276386658697
CO2tm,0.1191363570009343
COQ3m,1.1385176736320255
COQ5m,1.1177144017151406
COQ6m,0.3185716490224465
COQ7m,1.3813709625562354
COUCOAFm,0.1456785547873889
CPPPGO,0.26239896603976265
CRNt,0.11423522282435666
CRNtim,0.2377242194428774
CSNAT2m,0.05350671127707285
CSNATm,0.09619082666311138
CSm,1.6460074915715932
CYANSTm,1.661037242001354
CYANt,0.13500985973072036
CYANtm,0.23630719927310204
CYOOm2,5.490986136048204
CYOR-u10m,4.628133222199825
CYSGLUexR,0.04382932463590316
CYSGLYex,0.034188015946644154
CYSGLYexR,0.034188015946644154
CYSO,0.20833191816887583
CYSTAm,0.058256162907022034
CYStec,0.03159195955723788
CYTK1m,0.06830127374502044
D-LACt2,0.2281954795216893
D-LACtm,1.6960896729364752
DDPGAm,0.04229316674982918
DECDPtm,0.2761329837555598
DGNSKm,1.438407882829914
DGSNt,0.057171319451826796
DGSNtm,0.1734238797277827
DHDPBMTm,1.1194344412330242
DHFtm,0.1214707472081432
DMGDHm,0.6493894002890003
DMGtm,0.14656050487025563
DPGM,1.923627611270912
DPGase,1.4261934958130666
DPHMBDCm,1.2098254154607397
DURIK1m,1.2442136680553817
DUTPDPm,1.4361717013637236
ECOAH12m,0.2989713683996166
ECOAH1m,0.3244033901764969
ECOAH9m,0.3115229070510186
EHGLAT2m,0.04353632497426616
EHGLATm,0.06687890827916923
ENO,2.206604392790551
ETF,0.06263510281570604
ETFQO,0.09958626123780756
ETOHMO,0.2436709899998216
ETOHt,0.09107318272139556
FALDtm,0.1465605048643151
FBA,1.1768999677994414
FCLTm,1.2295380018202797
FE2t,0.07470086917734638
FE2tm,1.8173102767059082
FORt2m,0.13022298679724817
FPGS2m,1.3827047028527129
FPGS3m,1.4418625222079606
FPGS4m,1.4593684406345788
FPGS5m,1.3645802360205812
FPGS6m,1.441862232487125
FPGS7m,1.3668215053196175
FPGS8m,1.3826772593832488
FPGS9m,1.4418625218801484
FPGSm,1.3768056302174903
FTHFLm,0.2404974849668518
FUMSO3tm,0.04013346578532979
FUMSO4tm,0.04528498305695671
FUMTSULtm,0.03447196837940019
FUMm,0.3119633995095039
FUMtm,0.1130224293445943
G3PD2m,2.0437666384832536
G5SDym,1.2153216110828058
G6PDH2r,0.3377128467642796
GAPD,1.9605827529215132
GCALDDm,1.457410058917522
GCC2am,1.205143853518943
GCC2bim,0.04632797332839689
GCC2cm,1.181253929819742
GCCam,1.2051438535184433
GCCbim,0.046327973328398775
GCCcm,1.1812539298180746
GHMT2rm,0.3329564391892
GHMT3m,1.1222973272750951
GLACOm,1.4574100589184846
GLCt1r,0.1584711417868347
GLCt2r,0.47801209121998145
GLNS,0.2637100619723
GLNtm,0.03994891932686541
GLU5Km,0.11212928355147367
GLUDxm,1.5265530611133276
GLUDym,1.4560976546130664
GLUNm,0.4192205513130942
GLUTCOADHm,1.377606255549563
GLUVESSEC,0.3256804044683376
GLUt2m,1.7711867744883654
GLUt6,0.21621923825346556
GLYATm,0.04036115584254816
GLYCLTDym,1.1157104805087625
GLYCt,0.13720721900998042
GLYCtm,0.23977233631652897
GLYKm,1.498538701107202
GLYOXm,1.370990444674149
GLYt2r,0.19764125468349972
GLYtm,0.07660462364994876
GND,0.3386311389737133
GTHOm,1.1274966000519144
GTHPm,0.3241098730416432
H2CO3Dm,0.4135673777624985
H2O2t,0.10799294382709139
H2O2tm,0.046820798131199305
H2Ot,0.15126579309212082
H2Otm,0.6440917146192479
HACD1m,1.1830958050841036
HACD9m,1.1815762771758025
HBZOPT10m,0.42283465429103156
HCO3Em,1.4583058288132484
HEX1,2.7801632063562693
HIBDm,1.1842584382980632
HMBS,0.07143157464147105
HMGCOASim,1.5362752119448717
HMGLm,0.045951138251840946
HPROxm,1.2286626226559663
Ht,0.1860377029286764
Htm,1.696089672936582
ICDHxm,0.21056878928526865
ICDHyrm,0.14094681798347236
ILETA,0.09211921799868769
ILETAm,0.06547554534669217
ILEt5m,0.040296887914913336
ILEtec,0.10625426655319199
IMACTD_m,1.4574100589052124
ITCOAL1m,0.10788604454093761
ITCOALm,0.15276427372681728
Kt1r,0.03494493092027492
L-LACt2r,0.22793830873739016
L-LACtm,1.6975045991924362
LCADi_Dm,1.4574100589162415
LCADim,1.459271332868185
LCYSTATm,0.06204124860598039
LDH_L,0.19473243154693504
LDH_Lm,1.1890246814394778
LEUTA,0.09211936710324771
LEUTAm,0.06547576785900135
LEUt5m,0.040296853774188006
LEUtec,0.10625426153362862
LSOProd,0.08743062442536084
LYStiDF,0.04331077826905579
LYStm,1.7481728451310614
MALSO3tm,0.04122532528566528
MALSO4tm,0.04934358649835661
MALTSULtm,0.038967954985871335
MALtm,0.11386300141382474
MCCCrm,1.3013490138667902
MDH,0.2147221524540285
MDHm,1.1970602012660894
MECOALm,0.1527642737246836
MECOAS1m,0.10788604454162407
MGCHrm,0.31250948023830755
MMCDm,1.215009148081763
MMEm,0.04061393270940936
MMMm,0.035401832905435006
MMSAD1m,0.22351413172512352
MMSAD3m,0.23391332330866216
MTHFCm,1.3891008836793701
MTHFDm,0.07288760249498077
NABTNOm,1.4574100589183585
NADH2-u10m,4.942143705200938
NDPK10m,0.06830127372947258
NDPK1m,0.07203555891935662
NDPK2m,0.06830127372955407
NDPK3m,0.07323230817356598
NDPK4m,0.06772982610367213
NDPK5m,0.06772982610367213
NDPK6m,0.073595731683073
NDPK7m,0.06772982610332742
NDPK8m,0.06768488840840944
NDPK9m,0.06830127372792702
NH4t3r,0.23028225019284473
NMNATm,1.321761098871225
NNATm,1.2473758049466084
NTD1m,0.4441728299211338
NTD2m,0.44805642954420827
NTD5m,0.44777691308013334
NaKt,0.3129232082770984
O2St,0.12401907533649736
O2Stm,0.23728854067016852
O2t,0.09291089684414504
O2tm,0.05266171847572307
OCOAT1m,0.04468579055466191
OIVD1m,0.23463971585259624
OIVD2m,0.23440161520523614
OIVD3m,0.23440339280926126
ORNTArm,0.07097281337699546
ORNt3m,1.7158202439864976
ORNt4m,1.7378609820082025
ORNtiDF,0.10310777285618371
P45011A1m,1.6638272982944895
P5CDm,1.5041853762024389
PCFLOPm,0.3486930973217324
PCm,1.3158678854034784
PDHm,0.24239400466205685
PEFLIP,0.33826945099423283
PEFLIPm,0.31587673998806537
PETOHMm_hs,1.1281451111385852
PFK,2.548189397898836
PGCD,0.49538532238011507
PGI,1.4475935014826038
PGK,1.5043011960252652
PGL,0.22707517258884863
PGM,1.2055616921135508
PHCDm,1.4499793251958224
PHCHGSm,1.3709904446584822
PHEMEtm,0.12290225179355008
PHETA1m,0.058256162923536386
PIt2m,2.0076236959668488
PIt7,0.09911067390612925
PNTKm,1.2244661753033368
PPA,2.8561595773971287
PPA2m,1.513110955486501
PPAm,3.9503911085169436
PPAt,0.13548282708885545
PPAtm,0.288227174779822
PPBNGS,0.24009162753580973
PPCOACm,1.3096394514939251
PPCOAOm,0.09021111474667617
PPPG9tm,0.043574668201597916
PPPGOm,0.31321245549122956
PRGNLONEtm,0.12054552201091738
PRO1xm,1.1800302316481348
PROD2m,1.2561701814335224
PROt2r,0.22726762735131542
PROtm,0.037923224800473734
PRPNCOAHYDm,0.2992743411103886
PSERT,0.04351916028261949
PSFLIP,0.3382694509750363
PSFLIPm,0.30539156746219337
PSP_L,0.06923623146960828
PYK,2.030203124922588
PYLALDOXm,1.4574100589400858
PYRt2m,1.7260222513517698
PYRt2r,0.23008593296202703
RPE,0.10101396942889358
RPI,0.0765454657113997
SACCD3m,1.4565675955434745
SACCD4m,1.4299067520710012
SARCStex,0.14821144626443547
SARCStm,0.2788286188058779
SARDHm,0.1335402990936174
SERGLNexR,0.04187795846214949
SERGLYexR,0.04191436420409529
SERt4,0.040662465816035026
SLDxm,1.1841742146123533
SO4HCOtex,0.15196115294761595
SPODMm,1.2243408507050044
SSALxm,1.4825137614644286
SUCCt2m,0.11159421811929715
SUCD1m,0.06795514367228121
SUCOAS1m,0.09212702160815471
SUCOASm,0.16242587639614178
SULFOX,0.29769001300735765
T2M26DCOAHLm,0.2989083483389757
T4HCINNMFM,0.3152165220415968
TALA,0.46159006125711893
TCYNTt,0.13500985976443575
TCYNTtm,0.2363071992687308
THD1m,1.9321223266383771
THFtm,0.08707050750968728
TKT1,0.3463335649456244
TKT2,0.5015126878122728
TMDK1m,1.2442579468766695
TPI,1.2916966069374558
TRDRm,1.1125508258242325
TYRTAm,0.11673642644278683
UPP3S,0.07868579241444848
UPPDC1,0.20127992935782107
VALTA,0.0921192180271238
VALTAm,0.06547554144405618
VALt5m,0.04029688790848406
VALtec,0.10625426656373536
VITD2Hm,1.4909676959319196
VITD2tm,0.12054330379772947
VITD3Hm,1.5085312652023803
VITD3tm,0.04566618109418068
VITD3tm3,0.04566618109317348
MTDNAploym,0.12746445721356287
MTDNAdpolym,1.398762950035645
DAKm,0.03714655377942778
DTKm,0.07678972287834707
DCKm,0.0735697353493567
DGKm,0.07356973534851392
NH3tm,1.7833881368562314
NDPK1,0.06575247863464878
GGNG,0.19261086503494165
GLGNS1,0.22929898621056138
GLBRAN,0.04145779809114897
GLPASE1,0.07904682010642175
GLDBRAN,0.10174402267309915
GLPASE2,0.10219590007649791
SERtm,0.03527240062570791
LacLtm,0.038433452223593206
UREAt,0.13757756596248408
UREAtm,0.30227845631597283
GLNtN1,0.20204835484133454
DM_4mptnl(m),0.05152397762155271
DM_prgnlone(c),0.06917093275237673
DM_nadph(c),0.19313632920472779
DM_atp(m),1.5555430873482408
sink_chsterol,0.06917093275981163
DM_1a2425thvitd3,0.042940762217252335
DM_1a2425thvitd2,0.042940762217897124
sink_vitd3,0.04993902202098321
sink_vitd2,0.06916979443670147
CKc,0.12400288228692105
CREATtmdiffir,0.04893785682897406
PCREATtmdiffir,0.04893785682897406
ALATA_L,0.17116171535491898
ALATA_Lm,0.0548112127917461
ALAtN1,0.042337289114518936
DM_pchol_hs,0.052816752232446536
PSDm_hs,1.2175160054567358
25HVITD2t_Int,0.03869083119250139
25HVITD2tin_Int,0.03869083119249691
25HVITD3t_Int,0.038690851921742604
25HVITD3tin_Int,0.03869085192165107
3AIBt_Int,0.08050124452975639
ABUTt2r_Int,0.18685439359361516
ACACt2_Int,0.1893518909526213
ACALDt_Int,0.03343262137710436
ACt2r_Int,0.18395775032779352
ARGLYSex_Int,0.048150426366546706
ARGtiDF_Int,0.036432416325783055
ASNt4_Int,0.04597110380112558
BALAVECSEC_Int,0.29374798083023484
BHBt_Int,0.18395775032577116
BTNt2_Int,0.18395775032577116
BTNt4i_Int,0.18395775032701378
CO2t_Int,0.07288628331757446
CRNt_Int,0.08242703756679116
CYANt_Int,0.08980918310884597
CYSGLUexR_Int,0.039007567559454656
CYSGLYex_Int,0.03561102078621746
CYStec_Int,0.031806647641366474
D-LACt2_Int,0.1839577503267178
DGSNt_Int,0.07436306824469639
ETOHt_Int,0.032122157894873105
FE2t_Int,0.043241775218370714
GLCt2r_Int,0.26020180906720447
GLUt6_Int,0.2784254079417622
GLYCt_Int,0.09332584717908977
GLYt2r_Int,0.22398274010849736
H2O2t_Int,0.043073794213962194
H2Ot_Int,0.09955397075629412
Ht_Int,0.18395775032543107
ILEtec_Int,0.049118435441747384
Kt1r_Int,0.03444438858567784
L-LACt2r_Int,0.1841903199391849
LEUtec_Int,0.04911839640584646
LYStiDF_Int,0.03647806927199266
NH4t3r_Int,0.19493955291706144
NaKt_Int,0.3070279193107591
O2St_Int,0.08778424948430112
O2t_Int,0.04338892674690417
ORNtiDF_Int,0.04590454969303605
PEFLIP_Int,0.30648140095144727
PIt7_Int,0.06409237814483165
PPAt_Int,0.07056003610519704
PROt2r_Int,0.18537054393742522
PSFLIP_Int,0.3064814009316681
PYRt2r_Int,0.18597487680829544
SARCStex_Int,0.055521499265491374
SERGLNexR_Int,0.03484797885227682
SERGLYexR_Int,0.03885795084099954
SERt4_Int,0.04111651631894792
SO4HCOtex_Int,0.0362875452830744
TCYNTt_Int,0.08980918310342043
VALtec_Int,0.049118435455606756
UREAt_Int,0.09237604887271411
GLNtN1_Int,0.22940638984455491
ALAtN1_Int,0.04485967279744029
EX_NACASPt_Int,0.09004396455537889
DM_10fthf5glu_Neuron,0.06190841062466092
DM_10fthf6glu_Neuron,0.061908495747289974
DM_10fthf7glu_Neuron,0.0708445017166995
DM_5thf_Neuron,0.061847088502965476
DM_6dhf_Neuron,0.061908561644722394
DM_6thf_Neuron,0.06190849565336853
DM_7dhf_Neuron,0.07084450168831775
DM_7thf_Neuron,0.07084450169181349
DM_ahcys_Neuron,0.05767078442732829
DM_atp(c)_Neuron,0.2945484396424438
DM_fald_Neuron,0.08577207825292218
DM_for_Neuron,0.07632837453077357
DM_pheme(c)_Neuron,0.07150902893428213
DM_q10(m)_Neuron,0.10461021200937545
DM_thf(c)_Neuron,0.05371215202922828
EX_pe_hs(e)_Neuron,0.04115747699765718
EX_ps_hs(e)_Neuron,0.041157476992577186
sink_4hpro-LT(m)_Neuron,0.05397127444428873
sink_amet_Neuron,0.05767078442911641
sink_decdp_Neuron,0.1460211558972961
sink_dhf(c)_Neuron,0.0708447644315402
sink_dmgly_Neuron,0.08577207824359995
sink_tyr-L(m)_Neuron,0.05557283938464665
10FTHF5GLUtm_Neuron,0.1065926767005559
10FTHF6GLUtm_Neuron,0.10659232522876565
10FTHF7GLUtm_Neuron,0.12417184864295402
10FTHFtm_Neuron,0.04203584294926435
"1a,24,25VITD2Hm_Neuron",1.0105860590914513
"1a,24,25VITD3Hm_Neuron",1.0105860590872788
"1a,25VITD2Hm_Neuron",1.0105860590924338
"1a,25VITD3Hm_Neuron",1.0105860590918911
"24,25VITD2Hm_Neuron",1.0067656638978497
"24,25VITD3Hm_Neuron",1.0067663839698884
25HVITD2t_Neuron,0.039314057630666144
25HVITD2tin_Neuron,0.039314057630666144
25HVITD2tin_m_Neuron,0.043604554317657904
25HVITD2tm_Neuron,0.043604554317657904
25HVITD3t_Neuron,0.039313864464751505
25HVITD3tin_Neuron,0.039313864464751505
25HVITD3tin_m_Neuron,0.04360693045958899
25HVITD3tm_Neuron,0.04360693045958899
25VITD2Hm_Neuron,1.0067656638978701
25VITD3Hm_Neuron,1.0067663840030998
2AMADPTm_Neuron,0.04590986275040229
2OXOADOXm_Neuron,0.22778878572590847
2OXOADPTm_Neuron,0.0450443581603626
34HPLFM_Neuron,0.9130839188892683
3AIBTm_Neuron,0.20980926752789975
3AIBt_Neuron,0.06291229488867378
3AIBtm_Neuron,0.10480420203873031
3DPHBH1_Neuron,1.0588316779496763
3DPHBH2_Neuron,1.025308850429375
3HBCDm_Neuron,0.3018193195268708
3HBCOAHLm_Neuron,1.0735913917833138
3SALAASPm_Neuron,0.04122925332753955
3SALATAim_Neuron,0.9137097228681469
3SPYRSPm_Neuron,1.0034984010484722
4ABUTtm_Neuron,0.03860733720196096
4HBZCOAFm_Neuron,1.083565591544553
4HBZFm_Neuron,1.0959092117929838
4HGLSDm_Neuron,1.0347259631761039
5AOPtm_Neuron,0.04601731985609537
5HOXINDACTOXm_Neuron,1.0300456246168048
5THFtm_Neuron,0.10647195375525251
6DHFtm_Neuron,0.10659253043974952
6THFtm_Neuron,0.10659232505140982
7DHFtm_Neuron,0.1241718486821489
7THFtm_Neuron,0.12417184865549134
AACOAT_Neuron,0.15763523762064383
AACTOOR_Neuron,0.12209923014711695
AACTtm_Neuron,0.04230089623783491
AASAD3m_Neuron,1.0313632869612335
AATAi_Neuron,0.03924884295956256
ABTArm_Neuron,0.07482337648096223
ABUTt2r_Neuron,0.29419888333024347
ACACT10m_Neuron,0.06075688514120035
ACACT1r_Neuron,0.0833706576326831
ACACT1rm_Neuron,0.05766750779600389
ACACt2_Neuron,0.2930851629179209
ACACt2m_Neuron,1.2689310927204767
ACALDt_Neuron,0.03277249554687367
ACALDtm_Neuron,0.04060559207590951
ACCOALm_Neuron,0.34284099254336914
ACOAD10m_Neuron,0.0650619224644246
ACOAD1fm_Neuron,0.06613721418527557
ACOAD8m_Neuron,0.06334297528127797
ACOAD9m_Neuron,0.06505951215724044
ACONTm_Neuron,0.05403882551231353
ACRNtm_Neuron,0.05347567248414171
ACSm_Neuron,0.15792531396456286
ACYP_Neuron,2.192532006414187
ACt2m_Neuron,1.205310039285463
ADCim_Neuron,0.8988422701162797
ADK1_Neuron,0.06608027326603312
ADK1m_Neuron,0.09926035931254616
ADK3m_Neuron,0.08291680479445872
ADPRDPm_Neuron,1.012332730207477
AGMTm_Neuron,0.5064273141169072
AGPRim_Neuron,0.929548261321155
AGTim_Neuron,0.046928776596442894
AKGDm_Neuron,0.2634744406057491
AKGMALtm_Neuron,0.050969701642710474
ALASm_Neuron,0.9768750798276893
ALCD2if_Neuron,0.16401544451357006
ALCD2yf_Neuron,0.16448242479880806
ALDD20xm_Neuron,1.0300456246381382
ALDD2x_Neuron,0.20903615152396035
ALDD2xm_Neuron,1.0434457303713143
ALDD2y_Neuron,0.20969665613594535
ALR_Neuron,0.21122657330906855
AMETt2m_Neuron,0.15688407997417447
AOBUTDsm_Neuron,0.9172656962116131
APAT2rm_Neuron,0.06728680552557434
APOC_LYS_BTNPm_Neuron,0.3009407219762188
APOCFm_Neuron,1.0104407477580784
ARGDCm_Neuron,0.9061546622344223
ARGtiDF_Neuron,0.04004856629152547
ARGtm_Neuron,1.2067011014839615
ASNNm_Neuron,0.3160797078477651
ASNt4_Neuron,0.053937724315340455
ASNtm_Neuron,0.04298257203798336
ASPGLUm_Neuron,1.2560833689614872
ASPNATm_Neuron,1.1541266794064426
ASPTA_Neuron,0.04353743340432342
ASPTAm_Neuron,0.07499619593923867
ATPS4m_Neuron,5.3637411318310075
ATPtm_Neuron,0.20157806421055927
BACCLm_Neuron,0.9525451223703005
BALAVECSEC_Neuron,0.3224370210864872
BALAtmr_Neuron,0.04400943285076085
BAMPPALDOXm_Neuron,1.0377556189036825
BDHm_Neuron,0.90238466672176465
BETALDHxm_Neuron,1.0300456246500962
BHBt_Neuron,0.28173231425023737
BHBtm_Neuron,1.1920284129892442
BTNDm_Neuron,0.2949198273459642
BTNPLm_Neuron,0.8900226901093473
BTNt2_Neuron,0.2817323142524318
BTNt2m_Neuron,1.2056400249011214
BTNt4i_Neuron,0.2817323142497286
C160CPT2_Neuron,0.10747569713343666
C160CRNt_Neuron,0.05357542274846192
C204CPT2_Neuron,0.05493775079028895
C226CPT2_Neuron,0.0549377507902971
C2M26DCOAHLm_Neuron,0.28977186012171013
CATm_Neuron,0.3040867594604528
CBLATm_Neuron,0.9141256034726056
CDPDAGtm_Neuron,0.053590050227529315
CDSm_Neuron,0.9496280075370881
CHSTEROLt3_Neuron,0.12293216232616605
CITRtm_Neuron,0.05308488481312386
CITtam_Neuron,0.044173842468546165
CITtbm_Neuron,0.3796726511603419
CK_Neuron,0.13482350153575112
CO2t_Neuron,0.0731413602733942
CO2tm_Neuron,0.12909604026153243
COQ3m_Neuron,0.87567280897736
COQ5m_Neuron,0.8673354115121736
COQ6m_Neuron,0.30204264506131745
COQ7m_Neuron,1.0022514814188062
COUCOAFm_Neuron,0.14676416462920203
CPPPGO_Neuron,0.2631445801866735
CRNt_Neuron,0.08100109857504055
CRNtim_Neuron,0.11960974897764412
CSNAT2m_Neuron,0.07107131861547267
CSNATm_Neuron,0.10736834717200698
CSm_Neuron,1.1629073866794672
CYANSTm_Neuron,1.1831355115665798
CYANt_Neuron,0.07298799849851705
CYANtm_Neuron,0.11619176631707871
CYOOm2_Neuron,4.813810778292496
CYOR-u10m_Neuron,4.13935506531675
CYSGLUexR_Neuron,0.029314717880216872
CYSGLYexR_Neuron,0.031882338874057864
CYSO_Neuron,0.17810989356647622
CYSTAm_Neuron,0.05974139202656368
CYStec_Neuron,0.033621593547812786
CYTK1m_Neuron,0.08908799075520749
D-LACt2_Neuron,0.2817323142549107
D-LACtm_Neuron,1.1920284129924272
DDPGAm_Neuron,0.04191222809511088
DECDPtm_Neuron,0.2867529435206217
DGNSKm_Neuron,1.0698925000767716
DGSNt_Neuron,0.06341957311511477
DGSNtm_Neuron,0.10686393854730981
DHDPBMTm_Neuron,0.8573704891748894
DHFtm_Neuron,0.12417233856427849
DMGDHm_Neuron,0.6748743233452034
DMGtm_Neuron,0.15370030582680178
DPGM_Neuron,1.861309645516399
DPGase_Neuron,1.3998271558183004
DPHMBDCm_Neuron,0.9066590000202663
DURIK1m_Neuron,0.9304079179819471
DUTPDPm_Neuron,1.0422371983543874
ECOAH12m_Neuron,0.2900111016734365
ECOAH1m_Neuron,0.2884404576734683
ECOAH9m_Neuron,0.30143062449004776
EHGLAT2m_Neuron,0.04405390715005942
EHGLATm_Neuron,0.06854625118120265
ENO_Neuron,2.3059469402152954
ETF_Neuron,0.06614062833061352
ETFQO_Neuron,0.10393546964479071
ETOHMO_Neuron,0.2166058267460109
ETOHt_Neuron,0.034760777111930846
FALDtm_Neuron,0.15370030583337535
FBA_Neuron,1.018841492596292
FCLTm_Neuron,0.9822371539696616
FE2tm_Neuron,1.2396928660599813
FORt2m_Neuron,0.13433688404628033
FPGS2m_Neuron,1.0218770566140898
FPGS3m_Neuron,1.0833126075905044
FPGS4m_Neuron,1.1009530703738626
FPGS5m_Neuron,1.0038840231609603
FPGS6m_Neuron,1.083312325180144
FPGS7m_Neuron,1.007194042920548
FPGS8m_Neuron,1.02184753823745
FPGS9m_Neuron,1.0833126073058423
FPGSm_Neuron,1.0285886243785842
FTHFLm_Neuron,0.2549859263652784
FUMSO3tm_Neuron,0.041266731009386486
FUMSO4tm_Neuron,0.03996753533124277
FUMTSULtm_Neuron,0.0360011240803908
FUMm_Neuron,0.28063132404595986
FUMtm_Neuron,0.13235648049265986
G3PD2m_Neuron,1.8859665444988891
G5SDym_Neuron,0.909087619190053
G6PDH2r_Neuron,0.2836467789783339
GAPD_Neuron,2.0363315083311933
GCALDDm_Neuron,1.030045624610728
GCC2am_Neuron,0.9149048922280091
GCC2bim_Neuron,0.045493028922754614
GCC2cm_Neuron,0.9010866773415009
GCCam_Neuron,0.9149048922203875
GCCbim_Neuron,0.045493028927497146
GCCcm_Neuron,0.9010866773396997
GHMT2rm_Neuron,0.3400738528126755
GHMT3m_Neuron,0.8697961998978099
GLACOm_Neuron,1.030045624604689
GLNtm_Neuron,0.038998236168956396
GLU5Km_Neuron,0.10483203270876293
GLUDxm_Neuron,1.0666925229434538
GLUDym_Neuron,1.0442887089550634
GLUNm_Neuron,0.3867627827155888
GLUTCOADHm_Neuron,1.1166514748519565
GLUVESSEC_Neuron,0.3658327956785879
GLUt2m_Neuron,1.2360503316464961
GLYATm_Neuron,0.06880450479076979
GLYCLTDym_Neuron,0.8705334904077521
GLYCt_Neuron,0.07660059630987266
GLYCtm_Neuron,0.11998859689281655
GLYKm_Neuron,1.0829194590036273
GLYOXm_Neuron,1.010440747718088
GLYtm_Neuron,0.06740598300832963
GND_Neuron,0.34161215299421116
GTHOm_Neuron,0.8784801819250813
GTHPm_Neuron,0.28732705771885975
H2CO3Dm_Neuron,0.3710556121972856
H2O2t_Neuron,0.04372578355919709
H2O2tm_Neuron,0.03757400483895263
H2Ot_Neuron,0.1013724296672202
H2Otm_Neuron,0.6245694759786535
HACD1m_Neuron,0.9132285238906638
HACD9m_Neuron,0.9122325868842236
HBZOPT10m_Neuron,0.4391014912099308
HCO3Em_Neuron,1.0463930427133916
HEX1_Neuron,2.8767286037024373
HIBDm_Neuron,0.9032372829656812
HMBS_Neuron,0.06512083741766138
HMGCOASim_Neuron,1.0764610418808687
HMGLm_Neuron,0.04860985477898695
HPROxm_Neuron,0.9506501492538151
Ht_Neuron,0.2817323142715169
Htm_Neuron,1.1920284130118646
ICDHxm_Neuron,0.22050732100708192
ICDHyrm_Neuron,0.13560951978642014
ILETA_Neuron,0.059835446598893546
ILETAm_Neuron,0.06734475827980989
ILEt5m_Neuron,0.041386721827882084
ILEtec_Neuron,0.04575692761373499
IMACTD_m_Neuron,1.0300456246084686
ITCOAL1m_Neuron,0.11204016270396724
ITCOALm_Neuron,0.1531914115491059
Kt1r_Neuron,0.03632291644385542
L-LACt2r_Neuron,0.28173231426959666
L-LACtm_Neuron,1.1920284130097165
LCADi_Dm_Neuron,1.0300456245964476
LCADim_Neuron,1.030045624596188
LCYSTATm_Neuron,0.06360363958963927
LDH_L_Neuron,0.1617770537100055
LDH_Lm_Neuron,0.9115702276871126
LEUTA_Neuron,0.059836051837868776
LEUTAm_Neuron,0.06734505849040581
LEUt5m_Neuron,0.041386682795908424
LEUtec_Neuron,0.04575688858219708
LSOProd_Neuron,0.10400652429085566
LYStiDF_Neuron,0.040220300228494994
LYStm_Neuron,1.2205161799333064
MALSO3tm_Neuron,0.042626449800880234
MALSO4tm_Neuron,0.04116606192540612
MALTSULtm_Neuron,0.0403688781018867
MALtm_Neuron,0.12357590442433802
MCCCrm_Neuron,0.9688437778573004
MDH_Neuron,0.18947722707080197
MDHm_Neuron,0.8977163633064976
ME2m_Neuron,0.1386469421086941
MECOALm_Neuron,0.15319141154652244
MECOAS1m_Neuron,0.11204016270937092
MGCHrm_Neuron,0.3022061416171386
MMCDm_Neuron,0.9119541827611043
MMEm_Neuron,0.042008614046676294
MMMm_Neuron,0.03687267092118729
MMSAD1m_Neuron,0.2407500747380072
MMSAD3m_Neuron,0.22963333239565395
MTHFCm_Neuron,1.0253353086505042
MTHFDm_Neuron,0.07138073702159477
NABTNOm_Neuron,1.0300456245985596
NADH2-u10m_Neuron,4.428109013700098
NDPK10m_Neuron,0.08908799075288078
NDPK1m_Neuron,0.09279864543454447
NDPK2m_Neuron,0.08908799075065968
NDPK3m_Neuron,0.09390635110190855
NDPK4m_Neuron,0.08850693067154641
NDPK5m_Neuron,0.08850693067205903
NDPK6m_Neuron,0.09425209743787458
NDPK7m_Neuron,0.08850693067061881
NDPK8m_Neuron,0.0884697534423446
NDPK9m_Neuron,0.08908799075145028
NH4t3r_Neuron,0.2949284218942001
NMNATm_Neuron,0.9907310021482683
NNATm_Neuron,0.941915854938778
NTD1m_Neuron,0.41006186586897353
NTD2m_Neuron,0.3960970144737481
NTD5m_Neuron,0.38716242115522226
NaKt_Neuron,0.3816199964069928
O2St_Neuron,0.07133260827396366
O2Stm_Neuron,0.11382297860638492
O2t_Neuron,0.04270940339922998
O2tm_Neuron,0.07548997944111205
OCOAT1m_Neuron,0.046132992134256125
OIVD1m_Neuron,0.23048580371174898
OIVD2m_Neuron,0.2302166879500509
OIVD3m_Neuron,0.23021882199033927
ORNTArm_Neuron,0.07232814964071244
ORNt3m_Neuron,1.2005103665297179
ORNt4m_Neuron,1.2377004482703187
ORNtiDF_Neuron,0.04881153679378209
P45011A1m_Neuron,1.3189028276357977
P5CDm_Neuron,1.0845395999259786
PCFLOPm_Neuron,0.34585293085837016
PDHm_Neuron,0.22207403140971485
PEFLIP_Neuron,0.3244005439406892
PEFLIPm_Neuron,0.3127534320351136
PETOHMm_hs_Neuron,0.8761124292929451
PFK_Neuron,2.460208037482969
PGI_Neuron,1.394370625428438
PGK_Neuron,1.95339941541927
PGL_Neuron,0.20909028883772016
PGM_Neuron,1.2359094840964107
PHCDm_Neuron,1.0347259631897494
PHCHGSm_Neuron,1.0104407477163735
PHEMEtm_Neuron,0.1254760502740977
PHETA1m_Neuron,0.05974139200811128
PIt2m_Neuron,1.5318738238417389
PIt7_Neuron,0.06558262309127394
PNTKm_Neuron,0.917936316304142
PPA_Neuron,2.855227107969957
PPA2m_Neuron,1.0939794201724047
PPAm_Neuron,3.597344067900249
PPAt_Neuron,0.06085525206183015
PPAtm_Neuron,0.12993252971310373
PPBNGS_Neuron,0.22200960289102148
PPCOACm_Neuron,0.9757869489368495
PPCOAOm_Neuron,0.0926145468243748
PPPG9tm_Neuron,0.04374763976620284
PPPGOm_Neuron,0.29814041583271333
PRGNLONEtm_Neuron,0.12293216231472863
PRO1xm_Neuron,0.9025310214062029
PROD2m_Neuron,1.04144242543987
PROt2r_Neuron,0.2905987922108724
PROtm_Neuron,0.03888345477239793
PRPNCOAHYDm_Neuron,0.29034754436716875
PSFLIP_Neuron,0.3244005439385296
PSFLIPm_Neuron,0.30379760746066514
PYK_Neuron,1.9886348824246893
PYLALDOXm_Neuron,1.0300456246219944
PYRt2m_Neuron,1.229631430848541
PYRt2r_Neuron,0.2859341598119091
RPE_Neuron,0.11023618570176004
RPI_Neuron,0.07702981125955763
SACCD3m_Neuron,1.0358518949635447
SACCD4m_Neuron,1.0501310679759588
SARCStm_Neuron,0.059337567034843795
SARDHm_Neuron,0.09962933706952037
SERGLNexR_Neuron,0.03175976190570173
SERGLYexR_Neuron,0.03655035697607992
SERt4_Neuron,0.04042741712549882
SLDxm_Neuron,0.9031694535629987
SPODMm_Neuron,0.9181878915012239
SSALxm_Neuron,1.0555960204888435
SUCCt2m_Neuron,0.12925755313063805
SUCD1m_Neuron,0.07355979389782953
SUCOAS1m_Neuron,0.11908523624279965
SUCOASm_Neuron,0.16286760666458813
SULFOX_Neuron,0.2559514905435617
T2M26DCOAHLm_Neuron,0.28977186014660583
T4HCINNMFM_Neuron,0.3046054610680793
TALA_Neuron,0.47457764556996385
TCYNTt_Neuron,0.07298799847682248
TCYNTtm_Neuron,0.11619176630010866
THD1m_Neuron,1.4046749152143163
THFtm_Neuron,0.09004345995619446
TKT1_Neuron,0.35106191483459986
TKT2_Neuron,0.530436901268433
TMDK1m_Neuron,0.9304350839615292
TPI_Neuron,1.119500237355074
TRDRm_Neuron,0.8686134646651222
TYRTAm_Neuron,0.11924305900435657
UPP3S_Neuron,0.08134778948782868
UPPDC1_Neuron,0.17610517130381562
VALTA_Neuron,0.059835446633488554
VALTAm_Neuron,0.0673447535416851
VALt5m_Neuron,0.04138672181774411
VALtec_Neuron,0.04575692762307746
VITD2Hm_Neuron,1.1150949277127677
VITD2tm_Neuron,0.12292980644776513
VITD3Hm_Neuron,1.1336440365748262
VITD3tm_Neuron,0.046950962125833245
VITD3tm3_Neuron,0.046950962125479404
MTDNAploym_Neuron,0.13294733444631077
MTDNAdpolym_Neuron,1.0434468462160569
DAKm_Neuron,0.038322624378599957
DTKm_Neuron,0.09732240352407748
DCKm_Neuron,0.09422554602135018
DGKm_Neuron,0.09422554601984294
NH3tm_Neuron,1.2721262312293158
NDPK1_Neuron,0.05987204277031509
NACASPtm_Neuron,0.21461535760116782
NACASPt_Neuron,0.16152337347513618
GGNG_Neuron,0.16014761318286888
GLGNS1_Neuron,0.2057422810131171
GLBRAN_Neuron,0.052457400684641775
GLDBRAN_Neuron,0.07914603760920277
SERtm_Neuron,0.03911350127725814
UREAt_Neuron,0.07422553936546936
UREAtm_Neuron,0.14406122088708234
GLNtN1_Neuron,0.33186662787299237
DM_4mptnl(m)_Neuron,0.0528119074542607
DM_prgnlone(c)_Neuron,0.07022332917832436
DM_nadph(c)_Neuron,0.16039257649411623
DM_atp(m)_Neuron,1.0969115729397878
sink_chsterol_Neuron,0.07022332916793904
DM_1a2425thvitd3_Neuron,0.044244262097960674
DM_1a2425thvitd2_Neuron,0.044244262101986405
sink_vitd3_Neuron,0.0509915279747982
sink_vitd2_Neuron,0.07022212149616797
CKc_Neuron,0.12068008019389684
CREATtmdiffir_Neuron,0.04849330876664876
PCREATtmdiffir_Neuron,0.048493308766408734
ALATA_L_Neuron,0.08617121425278279
ALATA_Lm_Neuron,0.0759321676256411
ALAtN1_Neuron,0.0454169020661071
DM_pchol_hs_Neuron,0.05366554870067218
PSDm_hs_Neuron,0.912307351447636
Kt_Neuron,0.03632291643210324
HtrnsEX_Neuron,0.43208906691651827
NaEX_Neuron,0.036869030964050184
GLCt1r_Neuron,0.33224210971057316
Fe2t_Neuron,0.05282026929728051
PEPCK_Neuron,0.11003108119293407
ALDH1L1,1.4893167495795283
