X1,index,shadow_prices
0,10fthf[cA],0.8811430000198512
0.0698461971243448,10fthf5glu[cA],0.6844697147954495
0.12792826379844863,10fthf6glu[cA],0.5605912270522347
0.1734156619721796,10fthf7glu[cA],0
0.20953859137303435,13dpg[cA],0.48338829967797925
0.23908978409777323,23dpg[cA],0.48338829967797936
0.26394108215411777,25hvitd2[cA],0
0.28531738499401105,25hvitd3[cA],0
0.3040401292647275,2oxoadp[cA],0.5914342438675797
0.3206790181289758,2pg[cA],0.4676098310089175
0.3356422594195896,3aib[cA],0.5477556513760345
0.34923098562172394,3mob[cA],0.583958704115331
0.3616730464941305,3mop[cA],0.6251540542968042
0.37314467231596055,3pg[cA],0.4676098310089175
0.3837847913953459,3php[cA],0.41093720457206695
0.3937047606329823,3sala[cA],0.45179259482124984
0.40299514710738465,4abut[cA],0.5477556513760344
0.41173056209689984,4mop[cA],0.6360263641378494
0.4199731770544139,5aop[cA],0.565519439670366
0.42777532760116593,5thf[cA],0.6925224694712914
0.4351814737372846,6dhf[cA],0.8484953837829755
0.4422296972732133,6pgc[cA],0.6194390850523773
0.4489528610700797,6pgl[cA],0.6194390850523773
0.45537951740130844,6thf[cA],0.5763091354919028
0.46153462763970454,7dhf[cA],0.8811430000198512
0.46744013825994357,7thf[cA],0.16424915769487522
0.47311544615023776,L2aadp[cA],0.6024110600384172
0.4785777777405414,aacoa[cA],0.547608359033464
0.48384250036716336,aact[cA],0.4863813040765308
0.48892337987041357,ac[cA],0.4204916801540464
0.4938327951693035,acac[cA],0.5367035913344428
0.4985819181388181,acald[cA],0.47465286365127896
0.5031808652982438,accoa[cA],0.42464555663166564
0.5076388264406243,acrn[cA],0.3222786428930818
0.5119641742782148,adp[cA],0.10644681498513138
0.5161645583641495,ahcys[cA],0.22250606701197834
0.5202469859165388,akg[cA],0.5383675231708629
0.524217891674097,ala-B[cA],0.4782003261619069
0.5280831985198374,amet[cA],0
0.5318483702972955,amp[cA],0.18872858232056008
0.5355184579940717,arg-L[cA],0
0.539098140266545,asn-L[cA],0.4685774961377435
0.5425917591169658,asp-L[cA],0.4433586167585869
0.546003351401781,atp[cA],0
0.5493366767417746,bhb[cA],0.5529963251135512
0.5525952423156208,btn[cA],1.9684061062871184e-15
0.5557823249449558,cbl2[cA],0
0.5589009908181105,cdpdag_hs[cA],0.22231388868064492
0.5619541131488772,chsterol[cA],0
0.564944388024203,cit[cA],0.5575796612289103
0.5678743486590465,citr-L[cA],0
0.5707463782465829,co2[cA],0
0.5735627215665188,coa[cA],0
0.5763254954927126,cpppg3[cA],0.9376058439599648
0.5790366985229263,crn[cA],0.4999915807616272
0.5816982194378449,cyan[cA],0
0.584311845183064,cys-L[cA],0.48278998437508996
0.5868792680561901,decdp[cA],0
0.5894020922712572,dgsn[cA],0
0.5918818399640539,dhap[cA],0.5170933926208766
0.5943199566945176,dhf[cA],0
0.5967178164958801,dmgly[cA],0.4937981958810402
0.5990767265146144,duri[cA],0
0.6013979312803309,e4p[cA],0.5652010013473117
0.6036826166404575,etoh[cA],0.5162844292360746
0.6059319133907871,f6p[cA],0.6344012914418042
0.6081469006296573,fald[cA],0
0.6103286088606182,fdp[cA],0.6408113021237085
0.6124780228658779,fe2[cA],0
0.6145960843705401,for[cA],0.1262093758644776
0.6166836945156459,fum[cA],0.4710481627706654
0.6187417161562422,g3p[cA],0.5170933926208766
0.6207709759991228,g6p[cA],0.6344012914418042
0.6227722665934732,glc-D[cA],0.6277537215825653
0.6247463481863957,gln-L[cA],0.5580287932467087
0.6266939504541703,glu-L[cA],0.5529655689512956
0.6286157741191031,gly[cA],0.3446348674665258
0.630512492460911,glyc[cA],0
0.6323847527307936,glyc3p[cA],0.5394426281299852
0.6342331774756091,h[cA],2.74632417606978e-16
0.6360583657789253,h2o[cA],0
0.6378608944251286,h2o2[cA],1.5906311969996915e-16
0.6396413189922431,hco3[cA],0.034024624543601625
0.6414001748786329,hmbil[cA],0.9376058439599648
0.6431379782683311,ile-L[cA],0.6342976755858064
0.6448552270393423,k[cA],0
0.6465524016189155,lac-D[cA],0.18761254391222723
0.6482299657894566,lac-L[cA],0.49723606534091747
0.6498883674484603,leu-L[cA],0.6446449758855164
0.6515280393255737,lys-L[cA],0.6246383411726754
0.653149399659658,mal-L[cA],0.4710481627706654
0.6547528528384995,mthgxl[cA],0.4863813040765308
0.6563387900036116,na1[cA],0.018769978219819513
0.6579075896223909,nad[cA],0.24701017177550877
0.6594596180297179,nadh[cA],0
0.6609952299409391,nadp[cA],0.20232062508800056
0.6625147689380266,nadph[cA],0
0.6640185679305806,nh4[cA],2.8457386258822606e-16
0.6655069495932185,o2[cA],0
0.6669802267807903,o2s[cA],0.02232825283692992
0.6684387029227529,oaa[cA],0.41561760649253254
0.6698826723979465,orn[cA],0.5882191763334443
0.6713124208909308,pchol_hs[cA],0
0.6727282257309583,pe_hs[cA],0
0.6741303562145904,pep[cA],0.4676098310089175
0.6755190739128926,pheme[cA],0.9381517756783817
0.6768946329640884,pi[cA],0.05551950249350628
0.6782572803524858,pmtcrn[cA],0
0.6796072561744453,ppa[cA],0.49940967338659104
0.6809447938921009,ppbng[cA],0.6894116740898565
0.6822701205755123,ppi[cA],0.1064468149851323
0.683583457133863,pppg9[cA],0.9376058439599648
0.6848850185363087,prgnlone[cA],0
0.6861750140230128,pro-L[cA],0.5854628685267914
0.6874536473068973,ps_hs[cA],0
0.6887211167665904,pser-L[cA],0.4393467118289164
0.689977615631029,pyr[cA],0.4503238124773342
0.6912233321561445,r5p[cA],0.6031149117535872
0.6924584497940378,ru5p-D[cA],0.6031149117535872
0.693683147355021,s7p[cA],0.6610330985452728
0.6948975991628846,sarcs[cA],0.46446577307686715
0.6961019752037283,ser-L[cA],0.42944866254762076
0.6972964412686713,so3[cA],4.771893590999075e-16
0.6984811590907418,so4[cA],0.06689303714931438
0.6996562864762302,succ[cA],0.49940967338659126
0.7008219774307687,tcynt[cA],0
0.7019783822803934,thf[cA],0.8838699311881841
0.7031256477878258,thymd[cA],0
0.7042639172641935,tsul[cA],0.01708889584952642
0.7053933306764114,uppg3[cA],0.9376058439599648
0.7065140247504172,uri[cA],0
0.7076261330704553,val-L[cA],0.595387600089421
0.7087297861745869,vitd2[cA],0.16424915769487544
0.7098251116466004,vitd3[cA],0.16424915769487544
0.7109122342044801,xu5p-D[cA],0.6031149117535872
0.7119912757855883,25hvitd2[e],0
0.7130623556287071,25hvitd3[e],0
0.7141255903530773,3aib[e],0.5477556513760345
0.7151810940345615,4abut[e],0.5477556513760343
0.7162289782790645,ac[e],0.4204916801540464
0.7172693522933196,acac[e],0.5367035913344427
0.718302322953159,acald[e],0.47465286365127896
0.7193279948693732,ala-B[e],0.48077352122082384
0.7203464704512607,arg-L[e],0
0.7213578499679644,asn-L[e],0
0.7223622316076874,bhb[e],0.5529963251135512
0.7233597115348744,btn[e],2.2529799688753445e-15
0.7243503839454434,co2[e],0
0.7253343411201446,crn[e],0.4999915807616272
0.7263116734761259,cyan[e],0
0.727282469616773,cys-L[e],0.48278998437508996
0.7282468163798945,dgsn[e],0
0.7292047988843189,duri[e],0
0.7301565005749634,etoh[e],0.5162844292360746
0.731102003266436,fe2[e],0
0.7320413871852262,glc-D[e],0
0.7329747310105412,gln-L[e],0
0.733902111913838,glu-L[e],0
0.734823605597099,gly[e],0.3446348674665257
0.7357392863299029,glyc[e],0
0.7366492269853341,h[e],9.941444981248072e-18
0.7375534990747717,h2o[e],0
0.7384521727816046,h2o2[e],1.5906311969996915e-16
0.7393453169939079,hco3[e],0
0.7402329993361215,ile-L[e],0.6342976755858064
0.741115286199765,k[e],0
0.7419922427732264,lac-D[e],0.1876125439122274
0.7428639330706562,lac-L[e],0.49723606534091735
0.7437304199599986,leu-L[e],0.6446449758855164
0.7445917651901924,lys-L[e],0.6246383411726754
0.745448029417569,na1[e],0
0.746299272231477,nh4[e],0
0.7471455521791596,o2[e],0
0.747986926789912,o2s[e],0.02232825283692992
0.7488234525985419,orn[e],0.5882191763334443
0.7496551851681585,pe_hs[e],0
0.7504821791123137,pi[e],2.597202501351059e-16
0.7513044881165131,ppa[e],0.49940967338659104
0.7521221649591242,pro-L[e],0.5854628685267913
0.7529352615316995,ps_hs[e],0
0.7537438288587303,pyr[e],0.4503238124773341
0.7545479171168568,sarcs[e],0.46446577307686715
0.7553475756535486,ser-L[e],0.42944866254762076
0.7561428530052713,so4[e],0
0.7569337969151614,tcynt[e],0
0.7577204543502205,thymd[e],0
0.7585028715180469,urea[e],0
0.759281093883118,uri[e],0
0.7600551661826394,val-L[e],0.595387600089421
0.7608251324419738,10fthf[mA],0.8811430000198512
0.7615910359896625,10fthf5glu[mA],0.6844697147954495
0.7623529194720524,10fthf6glu[mA],0.5605912270522347
0.763110824867543,10fthf7glu[mA],0
0.7638647935004604,1a2425thvitd2[mA],0.2665808086470392
0.7646148660545766,1a2425thvitd3[mA],0.2665808086470392
0.7653610825862781,1a25dhvitd2[mA],0.16424915769487544
0.7661034825373993,1a25dhvitd3[mA],0.16424915769487544
0.7668421047477308,1p3h5c[mA],0.5463841863735117
0.7675769874672073,1pyr5c[mA],0.5693345435467708
0.7683081683677927,2425dhvitd2[mA],0.16424915769487544
0.7690356845550652,2425dhvitd3[mA],0.16424915769487544
0.7697595725795141,25hvitd2[mA],0
0.7704798684475562,25hvitd3[mA],0
0.7711966076322798,2aobut[mA],0.5087805455793203
0.7719098250839266,2dp6mep[mA],0.41381978688806753
0.7726195552401154,2dp6mobq[mA],0.41381978688806753
0.7733258320358175,2dp6mobq_me[mA],0.34233812975272276
0.7740286889130923,2dpmhobq[mA],0.2780984927619457
0.7747281588305853,2maacoa[mA],0.2703224569253739
0.775424274272802,2mb2coa[mA],0.18147879351961846
0.7761170672591573,2mbcoa[mA],0
0.7768065693528121,2mop[mA],0.5352966502381281
0.7774928116693002,2mp2coa[mA],0.39840404158073517
0.7781758248849521,2oxoadp[mA],0.592687558176081
0.7788556392451227,34hpl[mA],0.017088895849526775
0.7795322845722253,34hpp[mA],0.13949425435612017
0.7802057902735816,3aib[mA],0.5501359156423544
0.7808761853490884,3dpdhb[mA],0.46253756584612377
0.781543498398709,3dpdhb_me[mA],0.41042621261481227
0.7822077576297938,3dphb[mA],0.4865862980748626
0.7828689908642325,3h26dm5coa[mA],0
0.7835272255454463,3hbcoa[mA],0.37577026087880955
0.7841824887452206,3hbcoa-R[mA],0.37577026087880955
0.7848348071703846,3hibutcoa[mA],0.39840404158073517
0.7854842071693423,3hmbcoa[mA],0.18147879351961846
0.786130714738457,3hmp[mA],0.5517116315846733
0.7867743555282946,3hpcoa[mA],0.5086763341389928
0.78741515484973,3htmelys[mA],0.3494640484850165
0.7880531376799179,3mb2coa[mA],0.029983871376654044
0.7886883286681335,3mgcoa[mA],0.05460026428925975
0.7893207521414871,3mob[mA],0.583958704115331
0.7899504321105126,3mop[mA],0.625154054296804
0.7905773922746373,3sala[mA],0.4783105071096313
0.791201656027533,3snpyr[mA],0.4530543855493055
0.7918232464623535,3spyr[mA],0.15216679996061888
0.792442186376858,4aabutn[mA],0.1394942543561202
0.7930584982784302,4abut[mA],0.5477556513760344
0.7936722043889863,4h2oglt[mA],0.5127196779208432
0.7942833266497834,4hbz[mA],0.44755151925499403
0.7948918867261255,4hbzcoa[mA],0.6735086388517145
0.7954979060119708,4hglusa[mA],0.544760889711851
0.7961014056344454,4hpro-LT[mA],0.5603699792323932
0.7967024064582608,4mop[mA],0.6360263641378494
0.7973009290900426,4mptnl[mA],0
0.7978969938825684,4ppan[mA],0.1302085189310763
0.7984906209389214,4tmeabut[mA],0
0.7990818301165572,5aop[mA],0.565519439670366
0.7996706410312888,5dhf[mA],0.8085405194482498
0.8002570730611921,5hoxindact[mA],0.1394942543561202
0.8008411453504316,5hoxindoa[mA],0
0.8014228768130098,5thf[mA],0.6925224694712914
0.8020022861364423,6dhf[mA],0.8484953837829755
0.802579391785359,6thf[mA],0.5763091354919028
0.8031542120050348,7dhf[mA],0.8811430000198512
0.8037267648248496,7thf[mA],0.16424915769487522
0.8042970680616821,L2aadp[mA],0.6035902886358381
0.8048651393232353,L2aadp6sa[mA],0.6138685892877265
0.8054309960112983,Lcyst[mA],0.017088895849526775
0.8059946553249445,T4hcinnm[mA],0.017088895849526775
0.8065561342636681,aacoa[mA],0.41308256685867356
0.8071154496304594,aact[mA],0.5067782302840198
0.8076726180348229,ac[mA],0.4237047686785299
0.8082276558957352,acac[mA],0.5384008788634187
0.8087805794445484,acald[mA],0.47465286365127896
0.8093314047278383,accoa[mA],0.5396803946438374
0.8098801476101978,acetone[mA],0.5367035913344427
0.8104268237769787,acg5p[mA],0.1080582511275166
0.8109714487369811,acg5sa[mA],0
0.8115140378250935,acrn[mA],0.3222786428930818
0.8120546062048833,adocbl[mA],0.08716086029936451
0.812593168871139,adp[mA],0.11648385208439821
0.8131297406523659,adprib[mA],0.03402462454360246
0.8136643362132353,agm[mA],0.034024624543602076
0.8141969700569897,ahcys[mA],0.22250606701197834
0.814727656527803,akg[mA],0.5400492631665706
0.8152564098130981,ala-B[mA],0.4782003261619069
0.8157832439458226,ala-L[mA],0.4759376979046814
0.8163081728066833,alpam[mA],0.33967758549320254
0.8168312101263402,alpro[mA],0.33967758549320254
0.8173523694875615,amet[mA],0
0.8178716643273402,amp[mA],0
0.8183891079389713,apoC[mA],0.6246383411726751
0.8189047134740952,apoC-Lys[mA],2.271620178215185e-15
0.819418493944702,apoC-Lys_btn[mA],0
0.8199304622251021,arachdcoa[mA],0.478865820200108
0.8204406310538611,arachdcrn[mA],0
0.8209490130357031,arg-L[mA],0.017088895849526445
0.8214556206433766,asn-L[mA],0.4685774961377435
0.8219604662194927,asp-L[mA],0.4710481627706653
0.822463561978328,atp[mA],0.20322993334594827
0.8229649200075981,b2coa[mA],0.37577026087880955
0.8234645522701994,bamppald[mA],0.49827180277477545
0.823962470605923,betald[mA],0.1394942543561202
0.8244586867331367,bhb[mA],0.5545472841169063
0.82495321225044,biocyt[mA],0.6246383411726751
0.825446058638291,btamp[mA],0.017088895849529023
0.8259372372606051,btcoa[mA],0.3151032652376379
0.8264267593663275,btn[mA],0.01708889584952453
0.8269146360909782,c226coa[mA],0.478865820200108
0.8274008784581717,c226crn[mA],0
0.8278854973811131,c2m26dcoa[mA],0
0.8283685036640649,cbl1[mA],0
0.8288499080037944,cbl2[mA],0
0.8293297209909942,cdp[mA],0.11648385208439821
0.8298079531116797,cdpdag_hs[mA],0.22231388868064492
0.8302846147485647,chsterol[mA],0
0.8307597161824132,cit[mA],0.5590917498354188
0.8312332675933705,citr-L[mA],0
0.8317052790622712,cmp[mA],0.20322993334594827
0.8321757605719268,co2[mA],2.7836045947494603e-16
0.8326447220083931,coa[mA],0.6133061603766853
0.8331121731622164,coucoa[mA],0.6133061603766853
0.8335781237296583,creat[mA],0.10644681498513138
0.8340425833139049,crn[mA],0.4999915807616272
0.8345055614262521,ctp[mA],0
0.8349670674872757,cyan[mA],5.964866988748844e-17
0.8354271108279805,cys-L[mA],0.13949425435612017
0.8358857006909325,dadp[mA],0.11648385208439821
0.8363428462313734,datp[mA],0.20322993334594827
0.8367985565183166,dcdp[mA],0.11648385208439821
0.8372528405356267,dctp[mA],0.20322993334594827
0.8377057071830828,decdp[mA],0
0.8381571652774232,dgdp[mA],0.21298284013640476
0.8386072235533771,dgmp[mA],0.1302085189310763
0.8390558906646769,dgsn[mA],0
0.839503175185057,dgtp[mA],0.273006531161787
0.8399490856092378,dhf[mA],0
0.8403936303538917,dhlam[mA],0.15216679996061888
0.8408368177585982,dhlpro[mA],0.15216679996061888
0.8412786560867811,didp[mA],0.11648385208439821
0.8417191535266342,ditp[mA],0
0.8421583181920301,dmgly[mA],0.4937981958810402
0.8425961581234186,dnad[mA],0.03402462454360249
0.8430326812887091,dtdp[mA],0.07128401863448415
0.8434678955841401,dtmp[mA],0.05099908572898044
0.843901808835137,dttp[mA],0.1709058953824697
0.8443344287971561,dudp[mA],0.11648385208439821
0.8447657631565162,dump[mA],0.20322993334594827
0.8451958195312171,duri[mA],0.24229187994084977
0.8456246054717488,dutp[mA],0
0.846052128461885,e4hglu[mA],0.5294520239765744
0.8464783959194676,etfox[mA],0.09776099144686685
0.8469034151971787,etfrd[mA],0
0.8473271935833013,fad[mA],0.18147879351961846
0.8477497383024699,fadh2[mA],0
0.8481710565164089,fald[mA],0
0.8485911553246608,fe2[mA],0.01708889584952649
0.8490100417653041,ficytC[mA],0.034024624543602194
0.849427722815661,focytC[mA],0
0.8498442053929943,for[mA],0.1262093758644776
0.8502594963551954,fum[mA],0.473485550801231
0.8506736025014602,gcald[mA],0.39188947840945054
0.8510865305729591,gdp[mA],0.11648385208439821
0.8514982872534941,glac[mA],0.12620937586447742
0.8519088791701479,glcr[mA],0
0.8523183128939249,gln-L[mA],0.5580287932467087
0.8527265949403803,glu-L[mA],0.5545167920967322
0.8531337317702441,glu5p[mA],0.565446997281877
0.8535397297900333,glu5sa[mA],0.5749357072722104
0.8539445953526571,glutcoa[mA],0.30929288651515924
0.8543483347580135,glx[mA],0.29449230548151745
0.85475095425357706,gly[mA],0.3446348674665258
0.8551524600349792,glyb[mA],0
0.8555528582465802,glyc[mA],0
0.8559521549820331,glyc3p[mA],0.1302085189310763
0.8563503562848408,glyclt[mA],0.3541713166031347
0.8567474681489038,gthox[mA],0
0.8571434965190625,gthrd[mA],7.953155984998458e-17
0.8575384472916306,gtp[mA],0
0.8579323263149222,h[mA],0.017088895849526765
0.8583251393897707,h2co3[mA],2.7836045947494603e-16
0.8587168922700422,h2o[mA],0
0.8591075906631405,h2o2[mA],1.5906311969996915e-16
0.8594972402305067,hco3[mA],0.017088895849527042
0.8598858465881107,hmgcoa[mA],0.05460026428925975
0.860273415306937,ibcoa[mA],0.3457855393340574
0.8606599519134644,icit[mA],0.5590917498354188
0.861045461890138,id3acald[mA],0.1394942543561202
0.8614299506758363,idp[mA],0.11648385208439821
0.8618134236663314,ile-L[mA],0.6342976755858064
0.8621958862147436,im4ac[mA],0.1394942543561202
0.8625773436319893,im4act[mA],0
0.8629578011872236,ind3ac[mA],0
0.863337264108277,itaccoa[mA],0.6099343875826648
0.8637157375820872,itacon[mA],0
0.8640932267551226,itp[mA],0
0.8644697367338039,ivcoa[mA],0.16132664964604032
0.8648452725849184,lac-D[mA],0.1766665114231278
0.865219839336028,lac-L[mA],0.4783105071096313
0.8655934419758741,lald-D[mA],0.05198012234619203
0.8659660854547754,lald-L[mA],0.4983703995667332
0.8663377746850227,leu-L[mA],0.6446449758855164
0.8667085145412656,lgt-S[mA],0
0.8670783098608982,lpam[mA],0
0.8674471654444355,lpro[mA],0
0.8678150860558898,lys-L[mA],0.6235899919644046
0.868182076423137,mal-L[mA],0.473485550801231
0.8685481412382844,mercppyr[mA],0
0.8689132851580273,mescoa[mA],0.6099343875826649
0.8692775128040073,mescon[mA],0
0.869640828763161,methf[mA],0.8813926256013079
0.8700032375880683,mlthf[mA],0.87837390847738706
0.8703647437972934,mmcoa-R[mA],0.4698999497566356
0.8707253518757236,mmcoa-S[mA],0.4698999497566356
0.8710850662749031,msa[mA],0.45561964855585063
0.8714438914133621,n4abutn[mA],0
0.8718018316769429,nad[mA],0.03402462454360243
0.8721588914191217,nadh[mA],0.13949425435612023
0.872515074961326,nadp[mA],0.17576879528513226
0.8728703865932482,nadph[mA],0
0.8732248305731561,nh4[mA],0.017088895849526768
0.8735784111281989,nicrnt[mA],0
0.8739311324547091,nmn[mA],0
0.8742829987185021,o2[mA],0
0.8746340140551714,o2s[mA],0.02232825283692992
0.8749841825703794,oaa[mA],0.4474963564004941
0.8753335083401462,orn[mA],0.5869341727313316
0.8756819954111345,pa_hs[mA],0
0.8760296478009296,pchol_hs[mA],0
0.8763764694983194,pcreat[mA],0.01203721434366262
0.8767224644635665,pcrn[mA],0.021816838508354166
0.8770676366286815,pe_hs[mA],0.017088895849526702
0.8774119898976901,pep[mA],0.4700936516165559
0.8777555281468988,peracd[mA],0.1394942543561202
0.8780982552251556,phe-L[mA],0.13949425435612017
0.8784401749541095,pheme[mA],0.9381517756783817
0.878781291128466,phpyr[mA],0
0.8791216075162398,pi[mA],0.07160479939316591
0.8794611278590047,pmtcoa[mA],0.478865820200108
0.8797998558721398,pmtcrn[mA],0
0.8801377952450743,pnto-R[mA],0
0.8804749496415277,ppa[mA],0.49940967338659104
0.880811322699749,ppcoa[mA],0.4818442872999626
0.8811469180327516,ppi[mA],0.21298284013640478
0.8814817392285466,ppp9[mA],0.9376058439599648
0.8818157898503722,pppg9[mA],0.9376058439599648
0.8821490734369223,pppi[mA],0.24229187994084977
0.8824815935025707,prgnlone[mA],0
0.8828133535375935,pro-L[mA],0.5854628685267914
0.8831443570083892,prpncoa[mA],0.5086763341389928
0.8834746073576956,ps_hs[mA],0
0.8838041080048049,ptrc[mA],0.034024624543602076
0.8841328623457764,pylald[mA],0
0.8844608737536456,pyr[mA],0.45305438554930544
0.884788145578633,q10[mA],0.09776099144686685
0.8851146811483481,q10h2[mA],0
0.8854404837679941,r5p[mA],0
0.8857655567205668,saccrp-L[mA],0.7175586178310499
0.8860899032670543,sarcs[mA],0.46446577307686715
0.8864135266466329,ser-L[mA],0.42944866254762076
0.8867364300768611,sl-L[mA],0
0.8870586167538719,so3[mA],0.017088895849526865
0.8873800898525618,so4[mA],0.05066594889715873
0.8877008525267793,succ[mA],0.5014949966038527
0.8880209079095107,succoa[mA],0.4698999497566356
0.8883402591130628,sucsal[mA],0.5327102912962852
0.8886589092292451,t2m26dcoa[mA],0
0.8889768613295492,tcynt[mA],0
0.8892941184653268,thf[mA],0.8838699311881841
0.8896106836679651,thymd[mA],0.16795347448099138
0.8899265599490602,trdox[mA],0.16424915769487544
0.8902417503005893,trdrd[mA],0
0.8905562576950817,tsul[mA],0
0.8908700850857854,tyr-L[mA],0
0.8911832354068341,udp[mA],0.11648385208439821
0.8914957115734126,ump[mA],0.07160479939316591
0.891807516481918,urea[mA],0
0.8921186530101227,uri[mA],0
0.8924291240173321,utp[mA],0
0.892738932344543,val-L[mA],0.595387600089421
0.8930480808145999,vitd2[mA],0.16424915769487544
0.8933565722323481,vitd3[mA],0.16424915769487544
0.8936644093847883,mtDNAn-1[mA],0
0.8939715950412257,mtDNAn[mA],0
0.8942781319534203,damp[mA],0
0.8945840228557358,dcmp[mA],0
0.8948892704652841,gdp[cA],0.10644681498513138
0.8951938774820711,gtp[cA],0
0.8954978465891403,Tyr-ggn[cA],1
0.8958011804527138,udpg[cA],0.6277537215825653
0.8961038817223329,ggn[cA],0
0.8964059530309977,udp[cA],0
0.8967073969953029,glygn1[cA],0
0.8970082162155757,glygn2[cA],0
0.8973084132760087,dxtrn[cA],0
0.8976079907447944,g1p[cA],0.05551950249350628
0.8979069511742561,glygn3[cA],0.6277537215825653
0.8982052971009785,urea[cA],0
0.898503031045938,creat[cA],0.10644681498513138
0.8988001555146282,pcreat[cA],0
0.8990966729971888,ala-L[cA],0.4735333439642052
0.8993925859685297,ala-L[e],0.4735333439642052
0.8996878968884544,25hvitd2[I],0
0.8999826082017838,25hvitd3[I],0
0.9002767223384771,3aib[I],0.5477556513760345
0.9005702417137518,4abut[I],0.5477556513760344
0.9008631687282032,h[I],2.74632417606978e-16
0.9011555057679218,acac[I],0.5367035913344428
0.9014472552046102,acald[I],0.47465286365127896
0.9017384193956983,ac[I],0.4204916801540464
0.9020290006844577,arg-L[I],0
0.9023190014001147,lys-L[I],0.6246383411726754
0.9026084238579627,asn-L[I],0
0.9028972703594731,na1[I],2.7836045947494603e-16
0.9031855431924042,ala-B[I],0.48077352122082384
0.903473244630911,bhb[I],0.5529963251135512
0.9037603769356528,btn[I],1.9684061062871184e-15
0.9040469423538986,co2[I],0
0.9043329431196343,crn[I],0.4999915807616272
0.9046183814536655,cyan[I],0
0.9049032595637223,cys-L[I],0.48278998437508996
0.9051875796445614,gln-L[I],0.5477556513760347
0.9054713438780668,gly[I],0.3446348674665258
0.9057545544333518,lac-D[I],0.18761254391222723
0.9060372134668564,dgsn[I],0
0.9063193231224481,duri[I],0
0.9066008855315175,etoh[I],0.5162844292360746
0.9068819028130759,fe2[I],0
0.9071623770738514,glc-D[I],0
0.9074423104083823,glu-L[I],0.5477556513760349
0.9077217048991121,k[I],0
0.9080005626164822,glyc[I],0
0.9082788856190239,h2o2[I],1.5906311969996915e-16
0.9085566759534488,h2o[I],0
0.908833935654741,ile-L[I],0.6342976755858064
0.9091106667462443,lac-L[I],0.4857731103917421
0.9093868712397523,leu-L[I],0.6446449758855164
0.9096625511355957,nh4[I],2.74632417606978e-16
0.9099377084227296,o2s[I],0.02232825283693131
0.9102123450788181,o2[I],0
0.9104864630703219,orn[I],0.5937711037615683
0.9107600643525811,pe_hs[I],0
0.9110331508698994,pi[I],1.0736760579747918e-15
0.9113057245556268,ppa[I],0.49940967338659104
0.9115777873322424,pro-L[I],0.5854628685267914
0.9118493411114345,ps_hs[I],0
0.9121203877941827,pyr[I],0.44253267608022967
0.9123909292708362,sarcs[I],0.46446577307686715
0.912660967421195,ser-L[I],0.42944866254762076
0.9129305041145851,so4[I],0
0.9131995412099397,hco3[I],0
0.9134680805558735,tcynt[I],0
0.91373612399076,thymd[I],0
0.9140036733428071,uri[I],0
0.9142707304301311,val-L[I],0.595387600089421
0.9145372970608322,urea[I],0
0.9148033750330664,ala-L[I],0.4735333439642052
0.9150689661351193,Nacasp[I],0.5731452698038058
0.9153340721454782,10fthf5glu[cN],0.8063858600699394
0.9155986948329029,10fthf6glu[cN],0.8462413060199135
0.9158628359564968,10fthf7glu[cN],0.878822628036182
0.9161264972657774,5thf[cN],0.8034759948320509
0.9163896805007458,6dhf[cN],0
0.9166523873919549,6thf[cN],0.8439157030963477
0.9169146196605782,7dhf[cN],0.5579495281421807
0.9171763790184778,7thf[cN],0.8768859150308008
0.9174376671682705,ahcys[cN],0.3580897225049926
0.9176984858033954,atp[cN],0.08617981751497737
0.9179588366081785,h2o[cN],0
0.9182187212578993,adp[cN],0
0.9184781414188539,h[cN],2.163506964044112e-15
0.9187370987484212,pi[cN],3.1825050746220396e-15
0.9189955948951242,fald[cN],0
0.9192536314986943,for[cN],0.06188171197334107
0.9195112101901335,pheme[cN],0.9343221443391868
0.9197683325917763,q10[mN],0.12413514053665994
0.9200250003173502,thf[cN],0.10224684013279113
0.9202812149720381,4hpro-LT[mN],0.5653651955338033
0.9205369781525369,amet[cN],0
0.9207922914471175,decdp[cN],0
0.9210471564356854,dhf[cN],0.8458438343349572
0.9213015746898374,dmgly[cN],0.4723876179756759
0.921555547772921,tyr-L[mN],0.02232825283693111
0.921809077240092,10fthf5glu[mN],0.8063858600699394
0.9220621646383704,10fthf6glu[mN],0.8462413060199135
0.9223148115066988,10fthf7glu[mN],0.878822628036182
0.9225670193759975,10fthf[cN],0.02232825283692953
0.92281878976922,10fthf[mN],0.02232825283692953
0.9230701242014092,2425dhvitd2[mN],0
0.9233210241797507,h[mN],0.02232825283693109
0.9235714912036279,nadph[mN],0.21396913100931433
0.9238215267646762,o2[mN],0
0.9240711323468354,1a2425thvitd2[mN],0
0.9243203094264023,h2o[mN],0
0.9245690594720847,nadp[mN],0
0.9248173839450515,2425dhvitd3[mN],0
0.9250652842989854,1a2425thvitd3[mN],0
0.925312761980133,1a25dhvitd2[mN],0
0.9255598184273569,1a25dhvitd3[mN],0
0.9258064550721841,25hvitd2[mN],0
0.926052673338857,25hvitd3[mN],0
0.9262984746443824,25hvitd2[cN],0
0.9265438603985804,25hvitd3[cN],0
0.9267888320041329,L2aadp[cN],0.5937711037615685
0.9270333908566316,akg[mN],0.5301394922114924
0.9272775383446261,akg[cN],0.5278111219777225
0.9275212758496707,L2aadp[mN],0.595387600089421
0.9277646047463717,2oxoadp[mN],0.5802869591471285
0.9280075264024337,coa[mN],0.5599207468111845
0.9282500421787058,nad[mN],0
0.9284921534292272,co2[mN],0
0.9287338615012729,glutcoa[mN],1.0140273880873035e-15
0.9289751677353986,nadh[mN],0.20118242686572846
0.9292160734654845,2oxoadp[cN],0.5785279751070246
0.929456580018781,34hpp[mN],0.1876125439122261
0.9296966887159512,34hpl[mN],0
0.9299364008711154,2mop[mN],0.5278111219777222
0.9301757177918939,glu-L[mN],0.5498411753890137
0.9304146407794491,3aib[mN],0.5477556513760345
0.9306531711285295,3aib[cN],0.5477556513760345
0.9308913101275104,3dphb[mN],0.4141326207867735
0.9311290590584357,3dpdhb[mN],0.3639493834373938
0.9313664191970609,b2coa[mN],0.14151064669628133
0.9316033918128919,3hbcoa-R[mN],0.14151064669628133
0.9318399781692276,3hibutcoa[mN],0.12413514053665994
0.9320761795231993,3hmp[mN],0.5498411753890137
0.932311997125811,asp-L[cN],0.48577311039174265
0.9325474322219797,3sala[mN],0.48278998437509024
0.9327824860505733,3sala[cN],0.48278998437509024
0.9330171598444522,asp-L[mN],0.48577311039174265
0.9332514548305051,3snpyr[mN],0.4498941892050737
0.9334853722296903,pyr[mN],0.4462507399144534
0.9337189132570717,so3[mN],0.04431855866089666
0.9339520791218586,4abut[cN],0.5477556513760345
0.9341848710274412,4abut[mN],0.5477556513760345
0.9344172901714294,coucoa[mN],0.5456456640418149
0.9346493377456895,4hbzcoa[mN],0.6249914118052634
0.9348810149363801,accoa[mN],0.46708815381446595
0.9351123229239896,4hbz[mN],0.4096887255966673
0.9353432628833712,4hglusa[mN],0.5452624214116991
0.9355738359837797,e4hglu[mN],0.5250234562544709
0.9358040433889063,5aop[cN],0.5615204388724989
0.936033886256914,5aop[mN],0.5615204388724989
0.9362633657404729,5hoxindact[mN],0.17318988896371007
0.9364924829867942,5hoxindoa[mN],0
0.9367212391376656,5thf[mN],0.8034759948320509
0.9369496353294845,6dhf[mN],0
0.937177672693292,6thf[mN],0.8439157030963477
0.9374053523548077,7dhf[mN],0.5579495281421807
0.9376326754344612,7thf[mN],0.8768859150308008
0.9378596430474261,acac[cN],0.5230620765179606
0.9380862563036534,coa[cN],0
0.9383125163079028,aacoa[cN],0
0.9385384241597765,amp[cN],0
0.9387639809537495,ppi[cN],0
0.9389891877792029,aact[cN],0.4939284379177771
0.9392140457204551,o2[cN],0
0.9394385558567927,h2o2[cN],1.5906311969996915e-16
0.9396627192625014,mthgxl[cN],0.49392843791777724
0.9398865370068982,nh4[cN],2.163506964044112e-15
0.9401100101543602,aact[mN],0.4939284379177771
0.9403331397643565,L2aadp6sa[mN],0.6093162108000779
0.9405559268914775,glu-L[cN],0.5477556513760348
0.9407783725854648,sucsal[mN],0.5278111219777222
0.9410004778912412,2maacoa[mN],0.2011824268657274
0.9412222438489403,ppcoa[mN],0.3393152253921511
0.9414436714939346,accoa[cN],0
0.94166476185686665,aacoa[mN],0.2683076636904362
0.9418855159636754,acac[mN],0.5254522517490139
0.9421059348356263,acald[cN],0.47465286365127896
0.9423260194893397,acald[mN],0.47465286365127896
0.9425457709368175,atp[mN],0.04431855866090063
0.9427651901854731,ppa[mN],0.47975679091365014
0.9429842782381574,amp[mN],0.12413514053665652
0.9432030360931878,ppi[mN],0.022328252836933113
0.9434214647443737,2mbcoa[mN],0.3457855393340575
0.9436395651810456,fad[mN],0.12413514053665994
0.9438573383880802,2mb2coa[mN],0.30314066603678286
0.9440747853459283,fadh2[mN],0
0.9442919070306406,btcoa[mN],0.02232825283693008
0.9445087044138943,ivcoa[mN],0.391850189941557
0.9447251784630192,3mb2coa[mN],0.25853945254492794
0.9449413301410237,ibcoa[mN],0
0.9451571604066198,2mp2coa[mN],0.12413514053665994
0.9453726702142498,cit[mN],0.5559564578666016
0.9455878605141101,icit[mN],0.5559564578666016
0.9458027322521784,acrn[cN],0.35203921165328217
0.9460172863702362,acrn[mN],0.35203921165328217
0.9462315238058957,ac[mN],0.36394938343739364
0.9464454454926229,13dpg[cN],0.4703394396309508
0.9466590523597632,3pg[cN],0.4569686707700517
0.9468723453325645,ac[cN],0.3580897225049917
0.947085325332202,acetone[mN],0.5230620765179604
0.9472979932758022,adp[mN],0.04431855866088926
0.9475103500764654,gtp[mN],0.08617981751497737
0.9477223966432907,gdp[mN],0
0.9479341338813986,adprib[mN],0
0.9481455626919542,r5p[mN],0
0.9483566839721905,agm[mN],0.044318558660896686
0.9485674986154309,ptrc[mN],0.044318558660896686
0.9487780075111119,urea[mN],0
0.9489882115448057,acg5p[mN],0.18761254391222415
0.9491981115982433,acg5sa[mN],0
0.949407708549335,pi[mN],0.022328252836932103
0.9496170032721941,ala-L[mN],0.47667183719235157
0.9498259966371579,glx[mN],0.2759696088636599
0.9500346895108097,gly[mN],0.3446348674665258
0.9502430827559999,succoa[mN],0.3326134785478836
0.9504511772318684,mal-L[cN],0.48577311039174287
0.9506589737938644,mal-L[mN],0.48870778080400007
0.9508664732937693,etoh[cN],0.5162844292360746
0.9510736765797159,nad[cN],0.1731898889637116
0.9512805844962101,nadh[cN],0
0.9514871978841518,nadp[cN],0.1876125439122274
0.9516935175808546,nadph[cN],0
0.9518995444200671,id3acald[mN],0.17318988896371007
0.9521052792319918,ind3ac[mN],0
0.9523107228433071,pyr[cN],0.44253267608022995
0.9525158760771848,ahcys[mN],0.3580897225049926
0.9527207397533122,amet[mN],0
0.9529253146879103,2aobut[mN],0.49673452263675294
0.953129601693754,ala-B[mN],0.47667183719235173
0.953333601580191,msa[mN],0.44625073991445346
0.9535373151531615,apoC-Lys_btn[mN],0.14151064669627883
0.9537407432152167,apoC[mN],0.6148029799230428
0.9539438865655386,biocyt[mN],0.6246383411726754
0.9541467459999582,lys-L[mN],0.6232658668509148
0.9543493223109742,apoC-Lys[mN],0
0.9545516162877721,arg-L[mN],0.022328252836929074
0.9547536287162418,arg-L[cN],0
0.9549553603789973,asn-L[mN],0.48278998437509
0.955156812055393,nh4[mN],0.02232825283693109
0.9553579845215436,asn-L[cN],0.48278998437509
0.9555588785503408,na1[cN],5.500932889623933e-16
0.9557594949114716,Nacasp[mN],0.5731452698038058
0.955959834371436,oaa[cN],0.4569686707700518
0.9561598976935646,oaa[mN],0.4569686707700518
0.9563596856380356,btn[mN],0.022328252836929078
0.9565591989618932,btamp[mN],0
0.9567584384190634,ala-B[cN],0.47667183719235173
0.9569574047603717,bamppald[mN],0.5027056487805619
0.9571560987335611,bhb[mN],0.5477556513760345
0.9573545210833069,betald[mN],0.17318988896371007
0.9575526725512357,glyb[mN],0
0.9577505538759397,bhb[cN],0.5456456640418147
0.9579481657929955,btn[cN],0
0.9581455090349787,pmtcrn[mN],0
0.9583425843314816,crn[mN],0.4999915807616272
0.9585393924091277,pmtcoa[mN],0.33931522539215125
0.9587359339915901,pmtcrn[cN],0
0.9589322097996049,arachdcrn[mN],0.33931522539215125
0.9591282205509891,arachdcoa[mN],0
0.9593239669606554,c226crn[mN],0.33931522539215125
0.9595194497406279,c226coa[mN],0
0.9597146696000575,c2m26dcoa[mN],0
0.9599096272452382,3h26dm5coa[mN],0
0.9601043233796214,h2o2[mN],4.3742357917491516e-16
0.9602987587038313,cbl2[cN],0
0.9604929339156808,cbl2[mN],0
0.9606868497101859,cbl1[mN],1.0189981105779275e-15
0.9608805067795804,adocbl[mN],0
0.9610739058133312,pppi[mN],0.022328252836934126
0.961267047498153,cdpdag_hs[cN],0
0.9614599325180228,cdpdag_hs[mN],0
0.9616525615541942,ctp[mN],0.04431855866090063
0.9618449352852121,pa_hs[mN],0
0.9620370543869273,chsterol[cN],0
0.9622289195325106,chsterol[mN],0
0.962420531392466,citr-L[mN],0
0.9626118906346461,citr-L[cN],0
0.9628029979242659,cit[cN],0.5539410480854984
0.9629938539239159,pep[mN],0.4604050197554218
0.9631844592935759,pep[cN],0.4569686707700517
0.96337481469063,creat[mN],0.08617981751497737
0.9635649207698785,pcreat[mN],0
0.9637547781835527,co2[cN],0
0.9639443875813278,2dpmhobq[mN],0
0.9641337496103357,2dp6mobq[mN],0.022328252836929043
0.9643228649151797,2dp6mobq_me[mN],0
0.9645117341379462,2dp6mep[mN],0.022328252836929043
0.9647003579182185,T4hcinnm[mN],0
0.9648887368930896,cpppg3[cN],0.9335922599938772
0.9650768716971755,pppg9[cN],0.9335922599938772
0.9652647629626272,crn[cN],0.4999915807616272
0.9654524113191446,pcrn[mN],0
0.9656398173939877,cyan[mN],0
0.9658269818119909,tsul[mN],0.022328252836929057
0.9660139051955735,tcynt[mN],0
0.9662005881647544,cyan[cN],0
0.9663870313371623,focytC[mN],0.04431855866089654
0.9665732353280495,ficytC[mN],0
0.9667592007503032,q10h2[mN],0
0.9669449282144582,gln-L[cN],0.5477556513760345
0.9671304183287079,cys-L[cN],0.48278998437508996
0.967315671698918,gly[cN],0.3446348674665258
0.9675006889286364,cys-L[mN],0.17318988896370874
0.9676854706191066,mercppyr[mN],0
0.9678700173692785,cmp[mN],0.12413514053665652
0.9680543297758201,cdp[mN],0.04431855866088926
0.9682384084331297,lac-D[cN],0.18761254391222604
0.968422253933347,lac-D[mN],0.17318988896371007
0.968605866866364,4h2oglt[mN],0.5022191007879646
0.9687892478198374,decdp[mN],0
0.968972397379199,dgsn[mN],0
0.9691553161276676,dgmp[mN],0.15784444798807049
0.9693380046462597,dgsn[cN],0
0.9695204635138005,3dpdhb_me[mN],0
0.9697026933069354,dhf[mN],0.8458438343349572
0.9698846946001403,dmgly[mN],0.4723876179756759
0.9700664679657329,fald[mN],0
0.9702480139738839,sarcs[mN],0.4521854959345642
0.9704293331926263,23dpg[cN],0.4569686707700516
0.9706104261878675,duri[mN],0.06567639826159452
0.9707912935233997,dump[mN],0.08617981751497554
0.9709719357609095,duri[cN],0
0.9711523534599892,dutp[mN],0.08617981751497737
0.9713325471781471,3hbcoa[mN],0.14151064669628133
0.9715125174708177,3hmbcoa[mN],0.30314066603678286
0.9716922648913717,2pg[cN],0.4569686707700517
0.9718717899911272,etfox[mN],0.12413514053665994
0.9720510933193584,etfrd[mN],0
0.9722301754233066,fdp[cN],0.6208503387984154
0.9724090368481901,dhap[cN],0.497236065340918
0.9725876781372146,g3p[cN],0.497236065340918
0.9727660998315818,fe2[mN],0.022328252836928943
0.9729443024705005,ppp9[mN],0.9335922599938772
0.973122286591196,pheme[mN],0.9343221443391868
0.9733000527289194,fe2[cN],0
0.9734776014169577,for[mN],0.06188171197334107
0.9736549331866436,5dhf[mN],0.5579495281421807
0.9738320485673646,thf[mN],0.10224684013279113
0.9740089480865721,fum[cN],0.48577311039174287
0.9741856322697923,so3[cN],0.02232825283693109
0.9743621016406336,fum[mN],0.48870778080400007
0.9745383567207978,so4[mN],0.04431855866089313
0.9747143980300879,so4[cN],0.0656763982615973
0.974890226086418,tsul[cN],0
0.9750658414058224,glyc3p[cN],0.513171064901527
0.9752412445024649,glu5p[mN],0.5579495281421808
0.9754164358886465,glu5sa[mN],0.5767515981249633
0.9755914160748168,g6p[cN],0.6151759221046225
0.9757661855695806,6pgl[cN],0.6001515603009968
0.9759407448797078,gcald[mN],0.17318988896371007
0.9761150945101427,glyclt[mN],0
0.9762892349640114,lpam[mN],0.1876125439122261
0.9764631667426319,alpam[mN],0.25672543852542695
0.9766368903455216,dhlam[mN],0
0.9768104062704069,mlthf[mN],0.21396913100931433
0.9769837150132314,lpro[mN],0.1876125439122261
0.9771568170681639,alpro[mN],0.25672543852542695
0.977329712927608,dhlpro[mN],0
0.9775024030822086,ser-L[mN],0.42944866254762076
0.9776748880208623,3htmelys[mN],0.35092658442796143
0.9778471682307249,4tmeabut[mN],0
0.9780192441972194,glac[mN],0.1578444479880689
0.9781911164040441,glcr[mN],0
0.9783627853331816,gln-L[mN],0.5477556513760345
0.9785342514649057,glyc[cN],0
0.9787055152777909,glyc[mN],0
0.9788765772487191,glyc3p[mN],0
0.9790474378528885,lgt-S[mN],0
0.9792180975638205,gthrd[mN],1.9882889962496144e-16
0.979388556853369,6pgc[cN],0.6001515603009969
0.9795588161917271,ru5p-D[cN],0.5837540838502225
0.979728876047435,gthox[mN],0
0.9798987368873883,h2co3[mN],0
0.9800683991768449,hco3[mN],0.02232825283693109
0.9802378633794335,glc-D[cN],0.6093162108000779
0.9804071299571608,ppbng[cN],0.6854015767765943
0.9805761993704192,hmbil[cN],0.9335922599938772
0.9807450720779931,hmgcoa[mN],0.3031406660367831
0.9809137485370689,1p3h5c[mN],0.5473768823266697
0.9810822292032401,ile-L[cN],0.6342976755858064
0.9812505145305155,3mop[cN],0.6222413425645938
0.981418604971327,ile-L[mN],0.6342976755858064
0.9815865009765362,3mop[mN],0.6222413425645938
0.9817542029954421,im4act[mN],0.17318988896371007
0.981921711475788,im4ac[mN],0
0.9820890268637691,itacon[mN],0.553941048085498
0.9822561496040387,itaccoa[mN],0
0.9824230801397168,k[cN],0
0.9825898189123958,lac-L[cN],0.4735333439642055
0.982756366362148,lac-L[mN],0.47975679091365003
0.9829227229275329,lald-D[mN],0
0.9830888890456032,lald-L[mN],0.5053794889177562
0.9832548651519128,Lcyst[mN],0.02232825283693111
0.9834206516805234,3spyr[mN],0.1876125439122261
0.98358624906401,leu-L[cN],0.6446449758855164
0.9837516577334697,4mop[cN],0.6332862387766464
0.9839168781185273,leu-L[mN],0.6446449758855164
0.9840819106473415,4mop[mN],0.6332862387766464
0.9842467557466134,o2s[mN],0.02232825283693131
0.9844114138415904,lys-L[cN],0.6246383411726754
0.9845758853560758,3mgcoa[mN],0.3031406660367831
0.9847401707124328,mescon[mN],0.553941048085498
0.9849042703315926,mescoa[mN],0
0.9850681846330601,mmcoa-S[mN],0.3326134785478836
0.9852319140349208,mmcoa-R[mN],0.3326134785478836
0.9853954589538468,methf[mN],0
0.9855588198051035,n4abutn[mN],0.17318988896371007
0.9857219970025553,4aabutn[mN],0
0.9858849909586725,didp[mN],0.08617981751497737
0.986047802084538,ditp[mN],0
0.9862104307898525,udp[mN],0.08617981751497737
0.9863728774829408,utp[mN],0
0.9865351425707587,dtdp[mN],0.009069092947762826
0.9866972264588986,dttp[mN],0.07798367823240304
0.9868591295515953,dgdp[mN],0.08617981751497737
0.987020852251733,dgtp[mN],0
0.9871823949608503,dudp[mN],0
0.9873437580791469,dcdp[mN],0.08617981751497737
0.9875049420054888,dctp[mN],0
0.9876659471374152,dadp[mN],0.08617981751497737
0.9878267738711435,datp[mN],0
0.9879874226015756,idp[mN],0.08617981751497737
0.9881478937223036,itp[mN],0
0.9883081876256159,nmn[mN],0
0.9884683047025021,nicrnt[mN],0
0.9886282453426597,dnad[mN],0
0.9887880099344993,ump[mN],0.022328252836932103
0.9889475988651503,uri[mN],0
0.9891070125204665,dtmp[mN],0.18724207559478334
0.989266251285032,thymd[mN],0.17279588984079824
0.989425315542166,o2s[cN],0.02232825283693131
0.9895842056739294,succ[mN],0.505379488917757
0.9897429220611296,3mob[mN],0.5802869591471284
0.9899014650833261,orn[mN],0.5921399227375707
0.9900598351188359,orn[cN],0.5937711037615683
0.9902180325447394,4mptnl[mN],0
0.9903760577368849,prgnlone[mN],0
0.9905339110698945,1pyr5c[mN],0.5694650764739865
0.9906915929171699,pchol_hs[mN],0
0.9908491036508966,pchol_hs[cN],0
0.99100644364205015,pe_hs[cN],0
0.9911636132604005,pe_hs[mN],0.022328252836929043
0.9913206128745183,f6p[cN],0.6151759221046225
0.9914774428517792,phe-L[mN],0.17318988896370874
0.9916341035583691,phpyr[mN],0
0.99179059535929,pnto-R[mN],0
0.9919469186183641,4ppan[mN],0
0.9921030736982397,ppa[cN],0.47975679091365014
0.9922590609603954,prpncoa[mN],0.37514029304440455
0.9924148807651464,pppg9[mN],0.9335922599938772
0.992570533471648,prgnlone[cN],0
0.9927260194379017,pro-L[mN],0.5854628685267915
0.9928813390207595,pro-L[cN],0.5854628685267915
0.9930364925759293,3hpcoa[mN],0.37514029304440455
0.9931914804579796,ps_hs[cN],0
0.9933463030203433,ps_hs[mN],0
0.9935009606153253,pylald[mN],0.17318988896371007
0.9936554535941038,peracd[mN],0
0.9938097823067378,xu5p-D[cN],0.5837540838502225
0.9939639471021707,r5p[cN],0.5837540838502225
0.9941179483282351,saccrp-L[mN],0.7152717922484562
0.9942717863316576,sarcs[cN],0.4521854959345642
0.9944254614580637,ser-L[cN],0.42944866254762076
0.9945789740519823,sl-L[mN],0
0.9947323244568496,succ[cN],0.5027056487805626
0.9948855130150157,t2m26dcoa[mN],0
0.9950385400677465,s7p[cN],0.6419073930279375
0.9951914059552308,e4p[cN],0.5456456640418149
0.995344111016583,tcynt[cN],0
0.9954966555898486,thymd[cN],0
0.995649040012008,trdox[mN],0.20118242686572718
0.9958012646189822,trdrd[mN],0
0.9959533297456356,uppg3[cN],0.9335922599938772
0.9961052357257818,uri[cN],0
0.9962569828921866,val-L[cN],0.595387600089421
0.9964085715765741,3mob[cN],0.5802869591471284
0.9965600021096299,val-L[mN],0.595387600089421
0.9967112748210053,vitd2[mN],0
0.9968623900393225,vitd2[cN],0
0.9970133480921781,vitd3[mN],0
0.9971641493061475,vitd3[cN],0
0.9973147940067895,mtDNAn-1[mN],0
0.9974652825186502,mtDNAn[mN],0
0.9976156151652673,damp[mN],0
0.9977657922691741,dcmp[mN],0
0.9979158141519043,gdp[cN],0
0.9980656811339949,gtp[cN],0
0.9982153935349916,Nacasp[cN],0.5731452698038058
0.9983649516734521,Tyr-ggn[cN],0
0.9985143558669505,udpg[cN],1.3178116862935391e-15
0.9986636064320811,ggn[cN],0
0.9988127036844627,udp[cN],0
0.9989616479387425,glygn1[cN],0
0.9991104395086,glygn2[cN],0
0.999259078706751,dxtrn[cN],0.6093162108000779
0.9994075658449517,glygn3[cN],0
0.9995559012340021,urea[cN],0
0.9997040851837508,creat[cN],0
0.9998521180030979,pcreat[cN],0
1,ala-L[cN],0.4735333439642052
