,harmonic_centrality,eigenvector_centrality,degree_centrality,betweenness_centrality,closeness_centrality,load_centrality,information_centrality,second_order_centrality,current_flow_closeness_centrality,current_flow_betweenness_centrality,approximate_current_flow_betweenness_centrality,communicability_betweenness_centrality
DM_10fthf5glu,,,,,-0.0006474434516703407,,,,,,,
DM_10fthf6glu,,,,,-0.0006474434516703407,,,,,,,
DM_10fthf7glu,,,,,-0.0006474434516703407,,,,,,,
DM_5thf,,,,,-0.0006344538689834907,,,,,,,
DM_6dhf,,,,,-0.0006474434516703407,,,,,,,
DM_6thf,,,,,-0.0006344538689834907,,,,,,,
DM_7dhf,,,,,-0.0006474434516703407,,,,,,,
DM_7thf,,,,,-0.0006474434516703407,,,,,,,
DM_ahcys,,,,,-0.0006808938931796337,,,,,,,
DM_atp(c),,,,,0.0002713936658019168,,,,,,,
DM_fald,,,,,-0.0006960761384379198,,,,,,,
DM_for,,,,,-0.0007077337410546948,,,,,,,
DM_pheme(c),,,,,-0.0006514850583561008,,,,,,,
DM_q10(m),,,,,-3.83807096029359e-05,,,,,,,
DM_thf(c),,,,,-0.0006066396786427561,,,,,,,
EX_3aib(e),,,,,-0.0009309600068852056,,,,,,,
EX_4abut(e),,,,,4.027117457327643e-05,,,,,,,
EX_ac(e),,,,,4.027117457327643e-05,,,,,,,
EX_acac(e),,,,,4.027117457327643e-05,,,,,,,
EX_acald(e),,,,,-0.0004826064708168315,,,,,,,
EX_ala-B(e),,,,,-9.566854312615877e-05,,,,,,,
EX_arg-L(e),,,,,-0.00030423817109031566,,,,,,,
EX_asn-L(e),,,,,-0.00018757413589717646,,,,,,,
EX_bhb(e),,,,,4.027117457327643e-05,,,,,,,
EX_btn(e),,,,,4.027117457327643e-05,,,,,,,
EX_co2(e),,,,,-0.0004505525137184881,,,,,,,
EX_crn(e),,,,,-0.001068085546742535,,,,,,,
EX_cyan(e),,,,,-0.0008218137810617998,,,,,,,
EX_cys-L(e),,,,,-0.0002414647392631203,,,,,,,
EX_duri(e),,,,,-0.0004826064708168315,,,,,,,
EX_etoh(e),,,,,6.850752196289508e-06,,,,,,,
EX_fe2(e),,,,,4.027117457327643e-05,,,,,,,
EX_glc(e),,,,,5.232184572330835e-05,,,,,,,
EX_gln-L(e),,,,,4.027117457327643e-05,,,,,,,
EX_glu-L(e),,,,,6.435288475641215e-05,,,,,,,
EX_gly(e),,,,,-0.0007887219291858538,,,,,,,
EX_glyc(e),,,,,0.00022485257245386203,,,,,,,
EX_h(e),,,,,3.837966691327889e-06,,,,,,,
EX_h2o(e),,,,,-0.0005408174786993072,,,,,,,
EX_h2o2(e),,,,,-0.0004811426117301006,,,,,,,
EX_hco3(e),,,,,-0.0005829461950620862,,,,,,,
EX_ile-L(e),,,,,4.027117457327643e-05,,,,,,,
EX_k(e),,,,,4.027117457327643e-05,,,,,,,
EX_lac-D(e),,,,,4.027117457327643e-05,,,,,,,
EX_lac-L(e),,,,,-0.0006029430838366123,,,,,,,
EX_leu-L(e),,,,,-0.00030423817109031566,,,,,,,
EX_lys-L(e),,,,,0.00018152142640944413,,,,,,,
EX_na1(e),,,,,4.027117457327643e-05,,,,,,,
EX_nh4(e),,,,,-0.0004387302769892935,,,,,,,
EX_o2(e),,,,,-0.0008218137810617998,,,,,,,
EX_o2s(e),,,,,-0.00031597485904575197,,,,,,,
EX_orn(e),,,,,-0.00011000190036309625,,,,,,,
EX_pe_hs(e),,,,,0.00010741137924712961,,,,,,,
EX_pi(e),,,,,-0.0008275539050125611,,,,,,,
EX_ppa(e),,,,,4.027117457327643e-05,,,,,,,
EX_pro-L(e),,,,,-0.00011000190036309625,,,,,,,
EX_ps_hs(e),,,,,4.027117457327643e-05,,,,,,,
EX_pyr(e),,,,,-0.001071937339645955,,,,,,,
EX_sarcs(e),,,,,-0.00014030818566384355,,,,,,,
EX_ser-L(e),,,,,-0.0004811426117301006,,,,,,,
EX_so4(e),,,,,-0.0008218137810617998,,,,,,,
EX_tcynt(e),,,,,-0.0009258925861452287,,,,,,,
EX_thymd(e),,,,,-0.0005909467657546376,,,,,,,
EX_urea(e),,,,,-0.0002866255185794874,,,,,,,
EX_uri(e),,,,,-0.0006808938931796337,,,,,,,
EX_val-L(e),,,,,-0.0010117233463951122,,,,,,,
sink_4hpro-LT(m),,,,,-0.0006474434516703407,,,,,,,
sink_amet,,,,,-0.000715206801956962,,,,,,,
sink_decdp,,,,,-0.0003613289992792859,,,,,,,
sink_dhf(c),,,,,-0.0009145670776129453,,,,,,,
sink_dmgly,,,,,-0.0009145670776129453,,,,,,,
sink_tyr-L(m),,,,,-0.0009145670776129453,,,,,,,
10FTHF5GLUtm,,,,,-0.00024749106051520474,,,,,,,
10FTHF6GLUtm,,,,,9.164885270127812e-05,,,,,,,
10FTHF7GLUtm,,,,,9.164885270127812e-05,,,,,,,
10FTHFtm,,,,,9.164885270127812e-05,,,,,,,
"1a,24,25VITD2Hm",,,,,9.164885270127812e-05,,,,,,,
"1a,24,25VITD3Hm",,,,,9.164885270127812e-05,,,,,,,
"1a,25VITD2Hm",,,,,9.164885270127812e-05,,,,,,,
"1a,25VITD3Hm",,,,,-0.00041893549674679414,,,,,,,
"24,25VITD2Hm",,,,,-0.00041893549674679414,,,,,,,
"24,25VITD3Hm",,,,,-0.00017416340312965058,,,,,,,
25HVITD2t,,,,,-0.00017416340312965058,,,,,,,
25HVITD2tin,,,,,-0.0004093401521716752,,,,,,,
25HVITD2tin_m,,,,,-0.0004093401521716752,,,,,,,
25HVITD2tm,,,,,-0.00016456508235933502,,,,,,,
25HVITD3t,,,,,-0.00016456508235933502,,,,,,,
25HVITD3tin,,,,,9.164885270127812e-05,,,,,,,
25HVITD3tin_m,,,,,9.164885270127812e-05,,,,,,,
25HVITD3tm,,,,,-4.974607755926823e-05,,,,,,,
25VITD2Hm,,,,,4.935171297046541e-05,,,,,,,
25VITD3Hm,,,,,-4.974607755926823e-05,,,,,,,
2AMADPTm,,,,,8.207204514038001e-05,,,,,,,
2OXOADOXm,,,,,0.004184021861296239,,,,,,,
2OXOADPTm,,,,,-0.0014821488333154479,,,,,,,
34HPLFM,,,,,0.00266242597570928,,,,,,,
3AIBTm,,,,,9.164885270127812e-05,,,,,,,
3AIBt,,,,,9.164885270127812e-05,,,,,,,
3AIBtm,,,,,2.7907830618651665e-05,,,,,,,
3DPHBH1,,,,,0.00010110570729856371,,,,,,,
3DPHBH2,,,,,9.452865346052464e-06,,,,,,,
3HBCDm,,,,,9.408815779244209e-05,,,,,,,
3HBCOAHLm,,,,,0.00010121244652282604,,,,,,,
3SALAASPm,,,,,7.755301675273321e-05,,,,,,,
3SALATAim,,,,,0.00010110570729856371,,,,,,,
3SPYRSPm,,,,,0.00010110570729856371,,,,,,,
4ABUTtm,,,,,9.164885270127812e-05,,,,,,,
4HBZCOAFm,,,,,-2.412720213848103e-05,,,,,,,
4HBZFm,,,,,9.164885270127812e-05,,,,,,,
4HGLSDm,,,,,-0.000888562427276097,,,,,,,
5AOPtm,,,,,-0.0009145670776129453,,,,,,,
5HOXINDACTOXm,,,,,-0.000888562427276097,,,,,,,
5THFtm,,,,,-0.0009145670776129453,,,,,,,
6DHFtm,,,,,-0.0009145670776129453,,,,,,,
6THFtm,,,,,-3.1330537798498876e-05,,,,,,,
7DHFtm,,,,,0.001266879190845246,,,,,,,
7THFtm,,,,,-4.837448173017463e-05,,,,,,,
AACOAT,,,,,9.164885270127812e-05,,,,,,,
AACTOOR,,,,,0.00015997643062706015,,,,,,,
AACTtm,,,,,4.509105651363091e-05,,,,,,,
AASAD3m,,,,,0.0004623398458359276,,,,,,,
AATAi,,,,,-0.0001950354434871947,,,,,,,
ABTArm,,,,,-0.00020634246252294265,,,,,,,
ABUTt2r,,,,,-0.0002156669154548208,,,,,,,
ACACT10m,,,,,0.0004623398458359276,,,,,,,
ACACT1r,,,,,0.0007206714626504299,,,,,,,
ACACT1rm,,,,,-0.000584410507012062,,,,,,,
ACACt2,,,,,-1.9975733446778566e-05,,,,,,,
ACACt2m,,,,,0.005566058975760617,,,,,,,
ACALDt,,,,,-0.00022922046594381807,,,,,,,
ACALDtm,,,,,-0.00022922046594381807,,,,,,,
ACCOALm,,,,,-0.00021723783726492412,,,,,,,
ACOAD10m,,,,,-0.00021720376966172206,,,,,,,
ACOAD1fm,,,,,-0.0002487053064611841,,,,,,,
ACOAD8m,,,,,-0.0005971705357190741,,,,,,,
ACOAD9m,,,,,5.184965769195563e-05,,,,,,,
ACONTm,,,,,0.00028214368870264943,,,,,,,
ACRNtm,,,,,0.0003429569226268389,,,,,,,
ACSm,,,,,0.0004623398458359276,,,,,,,
ACYP,,,,,9.09399544105342e-05,,,,,,,
ACt2m,,,,,0.00011449582812163544,,,,,,,
ACt2r,,,,,3.987525140833543e-05,,,,,,,
ADCim,,,,,3.987525140833543e-05,,,,,,,
ADK1,,,,,0.00010110570729856371,,,,,,,
ADK1m,,,,,0.0041765102623998775,,,,,,,
ADK3m,,,,,8.207204514038001e-05,,,,,,,
ADPRDPm,,,,,3.0336077049103635e-05,,,,,,,
AGMTm,,,,,8.53148986119629e-05,,,,,,,
AGPRim,,,,,5.310249000859403e-05,,,,,,,
AGTim,,,,,0.00021871009124157302,,,,,,,
AKGDm,,,,,0.0002713936658019168,,,,,,,
AKGMALtm,,,,,0.0002802529684736685,,,,,,,
ALASm,,,,,9.164885270127812e-05,,,,,,,
ALCD2if,,,,,0.0002713936658019168,,,,,,,
ALCD2yf,,,,,0.0001727540471549118,,,,,,,
ALDD20xm,,,,,0.0002802529684736685,,,,,,,
ALDD2x,,,,,0.0003156692954774583,,,,,,,
ALDD2xm,,,,,-0.0016655237472552814,,,,,,,
ALDD2y,,,,,0.0002018349988662121,,,,,,,
ALR,,,,,3.211357544574724e-05,,,,,,,
AMETt2m,,,,,2.7907830618651665e-05,,,,,,,
AOBUTDsm,,,,,9.164885270127812e-05,,,,,,,
APAT2rm,,,,,9.09399544105342e-05,,,,,,,
APOC_LYS_BTNPm,,,,,7.719486692792732e-05,,,,,,,
APOCFm,,,,,7.719486692792732e-05,,,,,,,
ARGDCm,,,,,0.0007826871235285687,,,,,,,
ARGLYSex,,,,,0.00017533138807440056,,,,,,,
ARGtiDF,,,,,6.2725252244260174e-06,,,,,,,
ARGtm,,,,,-3.0161310654881923e-06,,,,,,,
ASNNm,,,,,0.0005800285163673163,,,,,,,
ASNt4,,,,,0.00015997643062706015,,,,,,,
ASNtm,,,,,2.013299342757679e-05,,,,,,,
ASPGLUm,,,,,0.003457318102615011,,,,,,,
ASPTA,,,,,0.00038455231682660795,,,,,,,
ASPTAm,,,,,0.00010351121328563287,,,,,,,
ATPS4m,,,,,0.05505997525647495,,,,,,,
ATPtm,,,,,0.00014775957541679282,,,,,,,
BACCLm,,,,,0.0001597588569237574,,,,,,,
BALAVECSEC,,,,,8.207204514038001e-05,,,,,,,
BALAtmr,,,,,9.164885270127812e-05,,,,,,,
BAMPPALDOXm,,,,,0.0004623398458359276,,,,,,,
BDHm,,,,,0.0003429569226268389,,,,,,,
BETALDHxm,,,,,2.7907830618651665e-05,,,,,,,
BHBt,,,,,9.153832481508438e-05,,,,,,,
BHBtm,,,,,0.00042164398997621697,,,,,,,
BTNDm,,,,,0.0003429569226268389,,,,,,,
BTNPLm,,,,,0.00042164398997621697,,,,,,,
BTNt2,,,,,-0.0008139399955437632,,,,,,,
BTNt2m,,,,,-0.0005971705357190741,,,,,,,
BTNt4i,,,,,-0.0002156669154548208,,,,,,,
C160CPT2,,,,,-0.0002156669154548208,,,,,,,
C160CRNt,,,,,2.7907830618651665e-05,,,,,,,
C204CPT2,,,,,2.7907830618651665e-05,,,,,,,
C226CPT2,,,,,0.00010351121328563287,,,,,,,
C2M26DCOAHLm,,,,,-0.0002898795217825749,,,,,,,
CATm,,,,,-0.00019873912639259306,,,,,,,
CBL2tm,,,,,-0.0009623615857431554,,,,,,,
CBLATm,,,,,-3.83807096029359e-05,,,,,,,
CDPDAGtm,,,,,-1.6842870290865512e-05,,,,,,,
CDSm,,,,,-7.313674153386442e-06,,,,,,,
CHSTEROLt3,,,,,0.00025003899662762104,,,,,,,
CITRtm,,,,,-0.0005202741419265302,,,,,,,
CITtam,,,,,0.0006690317369386482,,,,,,,
CITtbm,,,,,8.207204514038001e-05,,,,,,,
CK,,,,,8.207204514038001e-05,,,,,,,
CO2t,,,,,2.7907830618651665e-05,,,,,,,
CO2tm,,,,,9.164885270127812e-05,,,,,,,
COQ3m,,,,,3.987525140833543e-05,,,,,,,
COQ5m,,,,,0.0005652900288738616,,,,,,,
COQ6m,,,,,-0.0017567932526393948,,,,,,,
COQ7m,,,,,0.0031320791466485447,,,,,,,
COUCOAFm,,,,,-7.143530016260226e-05,,,,,,,
CPPPGO,,,,,-0.0008139399955437632,,,,,,,
CRNt,,,,,0.0002522497416288665,,,,,,,
CRNtim,,,,,0.00892744844758999,,,,,,,
CSNAT2m,,,,,-0.0012635612437146195,,,,,,,
CSNATm,,,,,0.0029983699142187292,,,,,,,
CSm,,,,,0.0003525164788481821,,,,,,,
CYANSTm,,,,,0.0003429569226268389,,,,,,,
CYANt,,,,,0.00011675332450548224,,,,,,,
CYANtm,,,,,0.00012789374140020427,,,,,,,
CYOOm2,,,,,0.0469138620781405,,,,,,,
CYOR-u10m,,,,,0.05538402790408761,,,,,,,
CYSGLUexR,,,,,2.013299342757679e-05,,,,,,,
CYSGLYex,,,,,7.860843225125343e-05,,,,,,,
CYSGLYexR,,,,,3.987525140833543e-05,,,,,,,
CYSO,,,,,0.0004623398458359276,,,,,,,
CYSTAm,,,,,0.0003429569226268389,,,,,,,
CYStec,,,,,-4.856898790317614e-06,,,,,,,
CYTK1m,,,,,-0.0016440564228840304,,,,,,,
D-LACt2,,,,,0.003599721735194063,,,,,,,
D-LACtm,,,,,-0.00039486412670621294,,,,,,,
DDPGAm,,,,,0.0021074026532393974,,,,,,,
DECDPtm,,,,,8.207204514038001e-05,,,,,,,
DGNSKm,,,,,-0.0009145670776129453,,,,,,,
DGSNt,,,-inf,,0.03416445644742128,,,,,,,
DGSNtm,,,,,-0.0010502114473416692,,,,,,,
DHDPBMTm,,,,,0.0002713936658019168,,,,,,,
DHFtm,,,,,0.0002095915599120489,,,,,,,
DMGDHm,,,,,9.09399544105342e-05,,,,,,,
DMGtm,,,,,0.00010351121328563287,,,,,,,
DPGM,,,,,0.00010110570729856371,,,,,,,
DPGase,,,,,2.7907830618651665e-05,,,,,,,
DPHMBDCm,,,,,2.7907830618651665e-05,,,,,,,
DURIK1m,,,,,2.7907830618651665e-05,,,,,,,
DURIt,,,,,-4.856898790317614e-06,,,,,,,
DUTPDPm,,,,,2.013299342757679e-05,,,,,,,
ECOAH12m,,,,,0.0001673592904884565,,,,,,,
ECOAH1m,,,,,-0.00020932967748809645,,,,,,,
ECOAH9m,,,,,-1.8515785470754663e-05,,,,,,,
EHGLAT2m,,,,,0.0002802529684736685,,,,,,,
EHGLATm,,,,,-0.000584410507012062,,,,,,,
ENO,,,-inf,,0.034964104439936666,,,,,,,
ETF,,,,,-6.206957093730394e-05,,,,,,,
ETFQO,,,-inf,,0.036264716749676164,,,,,,,
ETOHMO,,,,,0.0010232868729015874,,,,,,,
ETOHt,,,,,0.0025908261121789255,,,,,,,
FALDtm,,,,,-0.0010352260727628788,,,,,,,
FBA,,,,,0.05042363319464142,,,,,,,
FCLTm,,,,,-0.0008001239311630421,,,,,,,
FE2t,,,,,-0.0008001239311630421,,,,,,,
FE2tm,,,,,0.00011551016217424469,,,,,,,
FORt2m,,,,,-0.0008001239311630421,,,,,,,
FPGS2m,,,,,0.00012751230537551048,,,,,,,
FPGS3m,,,,,0.00011551016217424469,,,,,,,
FPGS4m,,,,,-0.0008001239311630421,,,,,,,
FPGS5m,,,,,0.00015148420140235198,,,,,,,
FPGS6m,,,,,-0.0009812046938331657,,,,,,,
FPGS7m,,,,,-1.8515785470754663e-05,,,,,,,
FPGS8m,,,,,-1.2648903228168199e-05,,,,,,,
FPGS9m,,,,,-8.1364797951018e-05,,,,,,,
FPGSm,,,,,5.991561316222977e-05,,,,,,,
FTHFLm,,,,,0.0004428573307633111,,,,,,,
FUMSO3tm,,,,,-0.00012907561599131493,,,,,,,
FUMSO4tm,,,,,8.207204514038001e-05,,,,,,,
FUMTSULtm,,,,,0.0002802529684736685,,,,,,,
FUMm,,,,,0.0010036616104417517,,,,,,,
FUMtm,,,,,9.164885270127812e-05,,,,,,,
G3PD2m,,,,,0.00010297749247895706,,,,,,,
G5SDym,,,,,5.454651053396192e-06,,,,,,,
G6PDH2r,,,,,8.207204514038001e-05,,,,,,,
GAPD,,,,,0.04990411183204376,,,,,,,
GCALDDm,,,,,1.8298890541137645e-05,,,,,,,
GCC2am,,,,,8.207204514038001e-05,,,,,,,
GCC2bim,,,,,0.00012237467659849912,,,,,,,
GCC2cm,,,,,9.412627298186134e-05,,,,,,,
GCCam,,,,,9.164885270127812e-05,,,,,,,
GCCbim,,,,,5.2557941593406244e-05,,,,,,,
GCCcm,,,,,0.0008253179523944428,,,,,,,
GHMT2rm,,,,,0.0002713936658019168,,,,,,,
GHMT3m,,,,,0.00013619458853740402,,,,,,,
GLACOm,,,,,5.187250538608619e-05,,,,,,,
GLCt1r,,,,,0.00010364083214981552,,,,,,,
GLCt2r,,,,,0.00010364083214981552,,,,,,,
GLNS,,,,,0.00011061411384313661,,,,,,,
GLNtm,,,,,0.00011082763757275535,,,,,,,
GLU5Km,,,,,0.0002713936658019168,,,,,,,
GLUDxm,,,,,0.00035496227234324584,,,,,,,
GLUDym,,,,,0.0006046393535637743,,,,,,,
GLUNm,,,,,-2.3811673527443226e-05,,,,,,,
GLUTCOADHm,,,,,8.207204514038001e-05,,,,,,,
GLUVESSEC,,,,,-0.0011973066366860786,,,,,,,
GLUt2m,,,,,0.003090991475840523,,,,,,,
GLUt6,,,,,0.004593657464334917,,,,,,,
GLYATm,,,,,9.164885270127812e-05,,,,,,,
GLYCLTDym,,,,,0.0007634448262828171,,,,,,,
GLYCt,,,,,0.0011807183177888728,,,,,,,
GLYCtm,,,,,0.0013691404879803994,,,,,,,
GLYKm,,,,,8.207204514038001e-05,,,,,,,
GLYOXm,,,,,2.7907830618651665e-05,,,,,,,
GLYt2r,,,,,4.9603024317688304e-05,,,,,,,
GLYtm,,,,,-0.0007009747209308462,,,,,,,
GND,,,,,-3.882534655259429e-05,,,,,,,
GTHOm,,,,,0.000569550058417618,,,,,,,
GTHPm,,,,,0.0005729321768263385,,,,,,,
H2CO3Dm,,,,,8.207204514038001e-05,,,,,,,
H2O2t,,,,,8.207204514038001e-05,,,,,,,
H2O2tm,,,,,-0.001895430827420505,,,,,,,
H2Ot,,,,,0.00010050339784056111,,,,,,,
H2Otm,,,,,0.0002713936658019168,,,,,,,
HACD1m,,,,,8.207204514038001e-05,,,,,,,
HACD9m,,,,,0.00019576441482107437,,,,,,,
HBZOPT10m,,,,,0.00010110570729856371,,,,,,,
HCO3Em,,,,,-6.5454708564357404e-06,,,,,,,
HEX1,,,,,0.04911969539567935,,,,,,,
HIBDm,,,,,0.00042164398997621697,,,,,,,
HMBS,,,,,0.0003429569226268389,,,,,,,
HMGCOASim,,,,,5.1887737188378836e-05,,,,,,,
HMGLm,,,,,2.718090453809016e-05,,,,,,,
HPROxm,,,,,0.000978248991747342,,,,,,,
Ht,,,,,7.662716718346154e-05,,,,,,,
Htm,,,,,-0.0001449414689682224,,,,,,,
ICDHxm,,,,,-0.0007852906739012163,,,,,,,
ICDHyrm,,,,,9.164885270127812e-05,,,,,,,
ILETA,,,,,4.3267359699018086e-05,,,,,,,
ILETAm,,,,,5.524266708262169e-05,,,,,,,
ILEt5m,,,,,7.637951517153363e-05,,,,,,,
ILEtec,,,,,0.0004623398458359276,,,,,,,
IMACTD_m,,,,,0.0003429569226268389,,,,,,,
ITCOAL1m,,,,,9.164885270127812e-05,,,,,,,
ITCOALm,,,,,0.00010121244652282604,,,,,,,
Kt1r,,,,,2.013299342757679e-05,,,,,,,
L-LACt2r,,,,,0.0002713936658019168,,,,,,,
L-LACtm,,,,,8.207204514038001e-05,,,,,,,
LCADi_Dm,,,,,0.0009383005211487491,,,,,,,
LCADim,,,,,6.664215443779437e-05,,,,,,,
LCYSTATm,,,,,-0.00017489465607385297,,,,,,,
LDH_L,,,,,-0.0008252945420095873,,,,,,,
LDH_Lm,,,,,-2.8837059498678562e-05,,,,,,,
LEUTA,,,,,7.719486692792732e-05,,,,,,,
LEUTAm,,,,,0.0007826871235285687,,,,,,,
LEUt5m,,,,,-1.6842870290865512e-05,,,,,,,
LEUtec,,,,,-1.6842870290865512e-05,,,,,,,
LSOProd,,,,,-1.6842870290865512e-05,,,,,,,
LYStiDF,,,,,0.00023187521439295097,,,,,,,
LYStm,,,,,0.00011549490886170253,,,,,,,
MALSO3tm,,,,,0.00041754763184511225,,,,,,,
MALSO4tm,,,,,0.00011745881530770793,,,,,,,
MALTSULtm,,,,,5.524266708262169e-05,,,,,,,
MALtm,,,,,4.3267359699018086e-05,,,,,,,
MCCCrm,,,,,2.7907830618651665e-05,,,,,,,
MDH,,,,,0.0001195753539556916,,,,,,,
MDHm,,,,,-0.00025872064243453535,,,,,,,
MECOALm,,,,,-0.000245009509144792,,,,,,,
MECOAS1m,,,,,0.00013181890556341328,,,,,,,
MGCHrm,,,,,4.935171297046541e-05,,,,,,,
MMCDm,,,,,9.164885270127812e-05,,,,,,,
MMEm,,,,,-6.522652736654411e-06,,,,,,,
MMMm,,,,,9.164885270127812e-05,,,,,,,
MMSAD1m,,,,,0.0003429569226268389,,,,,,,
MMSAD3m,,,,,3.987525140833543e-05,,,,,,,
MTHFCm,,,,,3.987525140833543e-05,,,,,,,
MTHFDm,,,,,3.987525140833543e-05,,,,,,,
NABTNOm,,,,,3.987525140833543e-05,,,,,,,
NADH2-u10m,,,,,0.04656276978399934,,,,,,,
NDPK10m,,,,,3.987525140833543e-05,,,,,,,
NDPK1m,,,,,3.987525140833543e-05,,,,,,,
NDPK2m,,,,,3.987525140833543e-05,,,,,,,
NDPK3m,,,,,3.987525140833543e-05,,,,,,,
NDPK4m,,,,,3.987525140833543e-05,,,,,,,
NDPK5m,,,,,0.0004623398458359276,,,,,,,
NDPK6m,,,,,0.00011549490886170253,,,,,,,
NDPK7m,,,,,0.00010351121328563287,,,,,,,
NDPK8m,,,,,5.625947720040831e-05,,,,,,,
NDPK9m,,,,,5.625947720040831e-05,,,,,,,
NH4t3r,,,,,5.625947720040831e-05,,,,,,,
NMNATm,,,,,0.0003888298304019155,,,,,,,
NNATm,,,,,-0.0012635612437146195,,,,,,,
NTD1m,,,,,0.0029983699142187292,,,,,,,
NTD2m,,,,,-0.0004965916431052853,,,,,,,
NTD5m,,,,,2.388514589068777e-05,,,,,,,
NaKt,,,,,5.454651053396192e-06,,,,,,,
O2St,,,,,4.935171297046541e-05,,,,,,,
O2Stm,,,,,7.3327792051776e-05,,,,,,,
O2t,,,,,4.935171297046541e-05,,,,,,,
O2tm,,,,,2.013299342757679e-05,,,,,,,
OCOAT1m,,,,,0.0003429569226268389,,,,,,,
OIVD1m,,,,,0.00030473895472364414,,,,,,,
OIVD2m,,,,,-0.0002507743667344328,,,,,,,
OIVD3m,,,,,-0.002135106474094746,,,,,,,
ORNTArm,,,,,0.00010364083214981552,,,,,,,
ORNt3m,,,,,0.00016151092761483853,,,,,,,
ORNt4m,,,,,0.00013942607604480262,,,,,,,
ORNtiDF,,,,,4.935171297046541e-05,,,,,,,
P45011A1m,,,,,0.00016151092761483853,,,,,,,
P5CDm,,,,,0.0002713936658019168,,,,,,,
PCFLOPm,,,,,8.207204514038001e-05,,,,,,,
PCm,,,,,0.0002713936658019168,,,,,,,
PDHm,,,,,0.0003144014852033952,,,,,,,
PEFLIP,,,,,-0.00010113753927685423,,,,,,,
PEFLIPm,,,,,0.0002200898787943914,,,,,,,
PETOHMm_hs,,,,,0.0002802529684736685,,,,,,,
PFK,,,-inf,,0.0414541057673785,,,,,,,
PGCD,,,,,9.164885270127812e-05,,,,,,,
PGI,,,,,0.050038470524479815,,,,,,,
PGK,,,-inf,,0.036205161778223624,,,,,,,
PGL,,,,,2.013299342757679e-05,,,,,,,
PGM,,,,,0.058765887156770016,,,,,,,
PHCDm,,,,,0.0004356135653890662,,,,,,,
PHCHGSm,,,,,0.00010351121328563287,,,,,,,
PHEMEtm,,,,,0.0002713936658019168,,,,,,,
PHETA1m,,,,,0.00010110570729856371,,,,,,,
PIt2m,,,,,0.00010110570729856371,,,,,,,
PIt7,,,,,-0.0012750397701900573,,,,,,,
PNTKm,,,,,0.004085756446248117,,,,,,,
PPA,,,,,0.05513086786908748,,,,,,,
PPA2m,,,,,0.00013612591717223894,,,,,,,
PPAm,,,,,0.03941381170860316,,,,,,,
PPAt,,,,,-5.85521725184591e-05,,,,,,,
PPAtm,,,,,8.026209321997725e-05,,,,,,,
PPBNGS,,,,,-0.0009623615857431554,,,,,,,
PPCOACm,,,,,8.207204514038001e-05,,,,,,,
PPCOAOm,,,,,0.00012184454629908151,,,,,,,
PPPG9tm,,,,,0.0004623398458359276,,,,,,,
PPPGOm,,,,,0.00014403907285784803,,,,,,,
PRGNLONEtm,,,,,3.823068470833849e-05,,,,,,,
PRO1xm,,,,,0.00019223857921475156,,,,,,,
PROD2m,,,,,0.00016151092761483853,,,,,,,
PROt2r,,,,,0.0002713936658019168,,,,,,,
PROtm,,,,,0.0002744435186444784,,,,,,,
PRPNCOAHYDm,,,,,0.0003199556008697723,,,,,,,
PSERT,,,,,9.164885270127812e-05,,,,,,,
PSFLIP,,,,,0.0006369937872297884,,,,,,,
PSFLIPm,,,,,0.0004623398458359276,,,,,,,
PSP_L,,,,,-0.00043285001733735484,,,,,,,
PYK,,,-inf,,0.032045259573972494,,,,,,,
PYLALDOXm,,,,,0.00010364083214981552,,,,,,,
PYRt2m,,,,,0.00010364083214981552,,,,,,,
PYRt2r,,,,,-0.0017646467417974225,,,,,,,
RPE,,,,,-0.002772393903138479,,,,,,,
RPI,,,,,0.0003367178564833425,,,,,,,
SACCD3m,,,,,7.842173240425359e-05,,,,,,,
SACCD4m,,,,,0.00014884334877750336,,,,,,,
SARCStex,,,,,0.000333242289313437,,,,,,,
SARCStm,,,,,8.207204514038001e-05,,,,,,,
SARDHm,,,,,-0.0010644674588921941,,,,,,,
SERGLNexR,,,,,0.0007712560616501515,,,,,,,
SERGLYexR,,,,,9.164885270127812e-05,,,,,,,
SERt4,,,,,0.00023187521439295097,,,,,,,
SLDxm,,,,,4.499967955246574e-05,,,,,,,
SO4HCOtex,,,,,4.3267359699018086e-05,,,,,,,
SPODMm,,,,,9.11381399070853e-05,,,,,,,
SSALxm,,,,,0.0015490111003097062,,,,,,,
SUCCt2m,,,,,2.7907830618651665e-05,,,,,,,
SUCD1m,,,,,2.7907830618651665e-05,,,,,,,
SUCOAS1m,,,,,-8.193809796431205e-05,,,,,,,
SUCOASm,,,,,-0.0012635612437146195,,,,,,,
SULFOX,,,,,0.0029983699142187292,,,,,,,
T2M26DCOAHLm,,,,,0.0008032966708030002,,,,,,,
T4HCINNMFM,,,,,-0.0008328862996126448,,,,,,,
TALA,,,,,5.0718711304643907e-05,,,,,,,
TCYNTt,,,,,-8.193809796431205e-05,,,,,,,
TCYNTtm,,,,,0.00010351121328563287,,,,,,,
THD1m,,,,,-6.206957093730394e-05,,,,,,,
THFtm,,,,,8.207204514038001e-05,,,,,,,
THYMDt1,,,,,-0.00034169271629704543,,,,,,,
TKT1,,,,,0.00013509204426081128,,,,,,,
TKT2,,,,,0.0002802529684736685,,,,,,,
TMDK1m,,,,,0.0009383005211487491,,,,,,,
TPI,,,,,0.04666460188259616,,,,,,,
TRDRm,,,,,-0.0001029667154004896,,,,,,,
TYRTAm,,,,,-0.0008012748088266253,,,,,,,
UPP3S,,,,,-0.0008718705379378989,,,,,,,
UPPDC1,,,,,-0.0009623615857431554,,,,,,,
URIt,,,,,-0.0011641817045255044,,,,,,,
VALTA,,,,,-0.0002897888210424039,,,,,,,
VALTAm,,,,,-0.0002897888210424039,,,,,,,
VALt5m,,,,,-0.0002366029954131175,,,,,,,
VALtec,,,,,0.00014944630439102963,,,,,,,
VITD2Hm,,,,,-0.0002683556557710004,,,,,,,
VITD2tm,,,,,3.987525140833543e-05,,,,,,,
VITD3Hm,,,,,3.987525140833543e-05,,,,,,,
VITD3tm,,,,,3.987525140833543e-05,,,,,,,
VITD3tm3,,,,,0.0009005254163584792,,,,,,,
MTDNAploym,,,,,0.00011449582812163544,,,,,,,
MTDNAdpolym,,,,,0.0002713936658019168,,,,,,,
DAKm,,,,,0.0003677530966708953,,,,,,,
DTKm,,,,,-0.00011000190036309625,,,,,,,
DCKm,,,,,0.00017501446265350817,,,,,,,
DGKm,,,,,0.00014738178730596253,,,,,,,
NH3tm,,,,,0.00014738178730596253,,,,,,,
NDPK1,,,,,9.751103027428408e-05,,,,,,,
GGNG,,,,,0.00013371485554812478,,,,,,,
GLGNS1,,,,,-0.001472000383359459,,,,,,,
GLBRAN,,,,,0.0026649680684215234,,,,,,,
GLPASE1,,,,,0.0007505025882773236,,,,,,,
GLDBRAN,,,,,-0.0002897888210424039,,,,,,,
GLPASE2,,,,,-0.0006713166723080064,,,,,,,
SERtm,,,,,0.0002802529684736685,,,,,,,
LacLtm,,,,,0.00011309257653062768,,,,,,,
UREAt,,,,,-0.0006713166723080064,,,,,,,
UREAtm,,,,,-0.0002897888210424039,,,,,,,
GLNtN1,,,,,-0.0002897888210424039,,,,,,,
DM_4mptnl(m),,,,,-0.0006713166723080064,,,,,,,
DM_prgnlone(c),,,,,-0.0006713166723080064,,,,,,,
DM_nadph(c),,,,,0.0004738158402181327,,,,,,,
DM_atp(m),,,,,-0.00016177197749232589,,,,,,,
sink_chsterol,,,,,-0.00016177197749232589,,,,,,,
DM_1a2425thvitd3,,,,,0.0015366206196175882,,,,,,,
DM_1a2425thvitd2,,,,,3.211357544574724e-05,,,,,,,
sink_vitd3,,,,,-0.00021257790715087092,,,,,,,
sink_vitd2,,,,,-0.00011000190036309625,,,,,,,
CKc,,,,,9.09399544105342e-05,,,,,,,
CREATtmdiffir,,,,,-0.00024634865596681886,,,,,,,
PCREATtmdiffir,,,,,-0.00024634865596681886,,,,,,,
ALATA_L,,,,,-0.00023675055799989074,,,,,,,
ALATA_Lm,,,,,-0.00023675055799989074,,,,,,,
ALAtN1,,,,,0.00037218625545292557,,,,,,,
DM_pchol_hs,,,,,0.0004462145923342435,,,,,,,
PSDm_hs,,,,,0.0004584933895437444,,,,,,,
25HVITD2t_Int,,,,,0.00024980951373767304,,,,,,,
25HVITD2tin_Int,,,,,0.0004339352980173598,,,,,,,
25HVITD3t_Int,,,,,0.00023915896816372806,,,,,,,
25HVITD3tin_Int,,,,,0.00021573279881463,,,,,,,
3AIBt_Int,,,,,0.0002870469176731197,,,,,,,
ABUTt2r_Int,,,,,0.0009376247865525103,,,,,,,
ACACt2_Int,,,,,0.0004339352980173598,,,,,,,
ACALDt_Int,,,,,0.0004339352980173598,,,,,,,
ACt2r_Int,,,,,0.0004339352980173598,,,,,,,
ARGLYSex_Int,,,,,0.0009224777858807872,,,,,,,
ARGtiDF_Int,,,,,0.0008238033059610193,,,,,,,
ASNt4_Int,,,,,0.0007635105913127054,,,,,,,
BALAVECSEC_Int,,,,,0.00041516369971356825,,,,,,,
BHBt_Int,,,,,0.00015106821868744407,,,,,,,
BTNt2_Int,,,,,7.860843225125343e-05,,,,,,,
BTNt4i_Int,,,,,0.0004339352980173598,,,,,,,
CO2t_Int,,,,,0.000640226650036473,,,,,,,
CRNt_Int,,,,,0.0002409676626335213,,,,,,,
CYANt_Int,,,,,6.547655501637301e-05,,,,,,,
CYSGLUexR_Int,,,,,0.0004707678448318553,,,,,,,
CYSGLYex_Int,,,,,0.004085623186553421,,,,,,,
CYStec_Int,,,,,0.0008553928622984105,,,,,,,
D-LACt2_Int,,,,,0.0015417999616247626,,,,,,,
DGSNt_Int,,,,,0.00012345402589839899,,,,,,,
DURIt_Int,,,,,0.00029366578283192377,,,,,,,
ETOHt_Int,,,,,0.0004339352980173598,,,,,,,
FE2t_Int,,,,,0.00011732152974602727,,,,,,,
GLCt2r_Int,,,,,0.000226618642917286,,,,,,,
GLUt6_Int,,,,,0.0004462145923342435,,,,,,,
GLYCt_Int,,,,,-1.2356109452997164e-05,,,,,,,
GLYt2r_Int,,,,,0.00022744818474134244,,,,,,,
H2O2t_Int,,,,,0.0005198413959955828,,,,,,,
H2Ot_Int,,,,,0.0007520263767086065,,,,,,,
Ht_Int,,,,,0.0007635105913127054,,,,,,,
ILEtec_Int,,,,,0.00036916046230936196,,,,,,,
Kt1r_Int,,,,,0.0006778228057101077,,,,,,,
L-LACt2r_Int,,,,,0.0009822605583006245,,,,,,,
LEUtec_Int,,,,,0.00036135339671750517,,,,,,,
LYStiDF_Int,,,,,0.0020397503051560123,,,,,,,
NH4t3r_Int,,,,,0.0004462145923342435,,,,,,,
NaKt_Int,,,,,0.0009822605583006245,,,,,,,
O2St_Int,,,,,0.0004339352980173598,,,,,,,
O2t_Int,,,,,-0.00069029302879639,,,,,,,
ORNtiDF_Int,,,,,0.0002524792369402011,,,,,,,
PEFLIP_Int,,,,,0.00020849486166007184,,,,,,,
PIt7_Int,,,,,0.0002524792369402011,,,,,,,
PPAt_Int,,,,,-9.968021721592485e-05,,,,,,,
PROt2r_Int,,,,,0.0007635105913127054,,,,,,,
PSFLIP_Int,,,,,2.3622561165091732e-05,,,,,,,
PYRt2r_Int,,,,,0.0004049460821779674,,,,,,,
SARCStex_Int,,,,,0.000775523989775803,,,,,,,
SERGLNexR_Int,,,,,5.359550368144481e-06,,,,,,,
SERGLYexR_Int,,,,,-0.0010378020385225111,,,,,,,
SERt4_Int,,,,,-0.0006345401285562018,,,,,,,
SO4HCOtex_Int,,,,,-0.0006345401285562018,,,,,,,
TCYNTt_Int,,,,,-0.0006345401285562018,,,,,,,
THYMDt1_Int,,,,,-0.000622135807773442,,,,,,,
URIt_Int,,,,,-0.0006345401285562018,,,,,,,
VALtec_Int,,,,,-0.0006345401285562018,,,,,,,
UREAt_Int,,,,,-0.0006345401285562018,,,,,,,
GLNtN1_Int,,,,,-0.0006345401285562018,,,,,,,
ALAtN1_Int,,,,,-0.0006656128379135002,,,,,,,
EX_NACASPt_Int,,,,,0.00021611498196491216,,,,,,,
DM_10fthf5glu_Neuron,,,,,-0.0007032702801787951,,,,,,,
DM_10fthf6glu_Neuron,,,,,-0.000678604687776465,,,,,,,
DM_10fthf7glu_Neuron,,,,,-0.0006656128379135002,,,,,,,
DM_5thf_Neuron,,,,,-6.148462305356609e-05,,,,,,,
DM_6dhf_Neuron,,,,,-0.0005965887359692053,,,,,,,
DM_6thf_Neuron,,,,,0.00021280156176904405,,,,,,,
DM_7dhf_Neuron,,,,,0.00021280156176904405,,,,,,,
DM_7thf_Neuron,,,,,-0.0002840667471640514,,,,,,,
DM_ahcys_Neuron,,,,,-0.0006656128379135002,,,,,,,
DM_atp(c)_Neuron,,,,,-0.000928146913496218,,,,,,,
DM_fald_Neuron,,,,,-0.0006221433106621553,,,,,,,
DM_for_Neuron,,,,,-0.0007032702801787951,,,,,,,
DM_pheme(c)_Neuron,,,,,-0.00035376308007000666,,,,,,,
DM_q10(m)_Neuron,,,,,-0.0008887824578418524,,,,,,,
DM_thf(c)_Neuron,,,,,-0.0008887824578418524,,,,,,,
EX_pe_hs(e)_Neuron,,,,,-0.0008887824578418524,,,,,,,
EX_ps_hs(e)_Neuron,,,,,-0.00024127557615355542,,,,,,,
sink_4hpro-LT(m)_Neuron,,,,,0.00010911185047584308,,,,,,,
sink_amet_Neuron,,,,,0.00010911185047584308,,,,,,,
sink_decdp_Neuron,,,,,0.00010911185047584308,,,,,,,
sink_dhf(c)_Neuron,,,,,0.00010911185047584308,,,,,,,
sink_dmgly_Neuron,,,,,0.00010911185047584308,,,,,,,
sink_tyr-L(m)_Neuron,,,,,0.00010911185047584308,,,,,,,
10FTHF5GLUtm_Neuron,,,,,-0.00026893414481052254,,,,,,,
10FTHF6GLUtm_Neuron,,,,,-0.00026893414481052254,,,,,,,
10FTHF7GLUtm_Neuron,,,,,-0.00019113072028324255,,,,,,,
10FTHFtm_Neuron,,,,,-0.00019113072028324255,,,,,,,
"1a,24,25VITD2Hm_Neuron",,,,,-0.00025934085443477195,,,,,,,
"1a,24,25VITD3Hm_Neuron",,,,,-0.00025934085443477195,,,,,,,
"1a,25VITD2Hm_Neuron",,,,,-0.00018152843494440474,,,,,,,
"1a,25VITD3Hm_Neuron",,,,,-0.00018152843494440474,,,,,,,
"24,25VITD2Hm_Neuron",,,,,0.00010911185047584308,,,,,,,
"24,25VITD3Hm_Neuron",,,,,0.00010911185047584308,,,,,,,
25HVITD2t_Neuron,,,,,-3.611185278822935e-05,,,,,,,
25HVITD2tin_Neuron,,,,,3.2159250846455446e-05,,,,,,,
25HVITD2tin_m_Neuron,,,,,-3.611185278822935e-05,,,,,,,
25HVITD2tm_Neuron,,,,,9.739286442136728e-05,,,,,,,
25HVITD3t_Neuron,,,,,0.002646535092613761,,,,,,,
25HVITD3tin_Neuron,,,,,0.0003690492519816466,,,,,,,
25HVITD3tin_m_Neuron,,,,,0.0011275547754732481,,,,,,,
25HVITD3tm_Neuron,,,,,0.00011706602717452308,,,,,,,
25VITD2Hm_Neuron,,,,,0.0001409331653567839,,,,,,,
25VITD3Hm_Neuron,,,,,3.5303352139489006e-05,,,,,,,
2AMADPTm_Neuron,,,,,0.00011854948767958911,,,,,,,
2OXOADOXm_Neuron,,,,,-1.8694479559036078e-05,,,,,,,
2OXOADPTm_Neuron,,,,,0.00011900330668479588,,,,,,,
34HPLFM_Neuron,,,,,0.00012081481461029912,,,,,,,
3AIBTm_Neuron,,,,,7.621187458234168e-05,,,,,,,
3AIBt_Neuron,,,,,0.00011854948767958911,,,,,,,
3AIBtm_Neuron,,,,,0.00012650914403426823,,,,,,,
3DPHBH1_Neuron,,,,,0.00010911185047584308,,,,,,,
3DPHBH2_Neuron,,,,,-5.204084264523372e-05,,,,,,,
3HBCDm_Neuron,,,,,0.00010911185047584308,,,,,,,
3HBCOAHLm_Neuron,,,,,-0.0008639644454328888,,,,,,,
3SALAASPm_Neuron,,,,,-0.0008887824578418524,,,,,,,
3SALATAim_Neuron,,,,,-0.0008887824578418524,,,,,,,
3SPYRSPm_Neuron,,,,,-0.0008887824578418524,,,,,,,
4ABUTtm_Neuron,,,,,-0.0008887824578418524,,,,,,,
4HBZCOAFm_Neuron,,,,,2.731046834642267e-06,,,,,,,
4HBZFm_Neuron,,,,,0.0005495437393482263,,,,,,,
4HGLSDm_Neuron,,,,,-6.148462305356609e-05,,,,,,,
5AOPtm_Neuron,,,,,0.00010911185047584308,,,,,,,
5HOXINDACTOXm_Neuron,,,,,0.000153186335798659,,,,,,,
5THFtm_Neuron,,,,,7.407832152987059e-05,,,,,,,
6DHFtm_Neuron,,,,,0.0008407966044745691,,,,,,,
6THFtm_Neuron,,,,,-0.00021499310571145946,,,,,,,
7DHFtm_Neuron,,,,,-0.00018930890539792773,,,,,,,
7THFtm_Neuron,,,,,-0.00021499310571145946,,,,,,,
AACOAT_Neuron,,,,,0.0004352179955986631,,,,,,,
AACTOOR_Neuron,,,,,0.0006384828813955707,,,,,,,
AACTtm_Neuron,,,,,0.00018568041807049543,,,,,,,
AASAD3m_Neuron,,,,,-4.091166136957555e-05,,,,,,,
AATAi_Neuron,,,,,0.02562440182667042,,,,,,,
ABTArm_Neuron,,,,,-0.00021957329935228618,,,,,,,
ABUTt2r_Neuron,,,,,-0.00022956483427968041,,,,,,,
ACACT10m_Neuron,,,,,-0.00021791918392245836,,,,,,,
ACACT1r_Neuron,,,,,-0.00022956483427968041,,,,,,,
ACACT1rm_Neuron,,,,,-0.00024403727876194987,,,,,,,
ACACt2_Neuron,,,,,-0.0005861938996383584,,,,,,,
ACACt2m_Neuron,,,,,0.00011194102768993192,,,,,,,
ACALDt_Neuron,,,,,0.00024045143165370953,,,,,,,
ACALDtm_Neuron,,,,,0.00031990197165382363,,,,,,,
ACCOALm_Neuron,,,,,0.0001062447253221278,,,,,,,
ACOAD10m_Neuron,,,,,0.00011995672283549808,,,,,,,
ACOAD1fm_Neuron,,,,,5.9679478758062595e-05,,,,,,,
ACOAD8m_Neuron,,,,,4.739077102230131e-05,,,,,,,
ACOAD9m_Neuron,,,,,0.00011854948767958911,,,,,,,
ACONTm_Neuron,,,,,0.002709453674271008,,,,,,,
ACRNtm_Neuron,,,,,9.739286442136728e-05,,,,,,,
ACSm_Neuron,,,,,-1.8694479559036078e-05,,,,,,,
ACYP_Neuron,,,,,8.102035896989933e-05,,,,,,,
ACt2m_Neuron,,,,,3.120768956189566e-05,,,,,,,
ADCim_Neuron,,,,,0.0002506815549337751,,,,,,,
ADK1_Neuron,,,,,0.00021611498196491216,,,,,,,
ADK1m_Neuron,,,,,0.00021611498196491216,,,,,,,
ADK3m_Neuron,,,,,0.00010911185047584308,,,,,,,
ADPRDPm_Neuron,,,,,0.00021611498196491216,,,,,,,
AGMTm_Neuron,,,,,0.00022456205666611582,,,,,,,
AGPRim_Neuron,,,,,0.00021611498196491216,,,,,,,
AGTim_Neuron,,,,,0.00021611498196491216,,,,,,,
AKGDm_Neuron,,,,,-0.0016198306209257913,,,,,,,
AKGMALtm_Neuron,,,,,0.00024336534622217094,,,,,,,
ALASm_Neuron,,,,,4.930221241560016e-05,,,,,,,
ALCD2if_Neuron,,,,,3.5303352139489006e-05,,,,,,,
ALCD2yf_Neuron,,,,,0.00010911185047584308,,,,,,,
ALDD20xm_Neuron,,,,,0.0001062447253221278,,,,,,,
ALDD2x_Neuron,,,,,0.0003316444613465182,,,,,,,
ALDD2xm_Neuron,,,,,0.0008051087795442274,,,,,,,
ALDD2y_Neuron,,,,,0.00024752622261392667,,,,,,,
ALR_Neuron,,,,,0.0006459908254353885,,,,,,,
AMETt2m_Neuron,,,,,5.970613903246523e-05,,,,,,,
AOBUTDsm_Neuron,,,,,0.0005639458535495605,,,,,,,
APAT2rm_Neuron,,,,,-0.0018601106180991167,,,,,,,
APOC_LYS_BTNPm_Neuron,,,,,0.00016316763224809972,,,,,,,
APOCFm_Neuron,,,,,2.769850515286764e-05,,,,,,,
ARGDCm_Neuron,,,,,0.0018263006804188733,,,,,,,
ARGtiDF_Neuron,,,,,0.0006119643074892812,,,,,,,
ARGtm_Neuron,,,,,0.0001381403206847033,,,,,,,
ASNNm_Neuron,,,,,0.0011046993681050337,,,,,,,
ASNt4_Neuron,,,,,0.0001549267010866285,,,,,,,
ASNtm_Neuron,,,,,0.0001997833632861014,,,,,,,
ASPGLUm_Neuron,,,,,9.739286442136728e-05,,,,,,,
ASPNATm_Neuron,,,,,0.00010911185047584308,,,,,,,
ASPTA_Neuron,,,,,0.00041114469857697514,,,,,,,
ASPTAm_Neuron,,,,,0.00031990197165382363,,,,,,,
ATPS4m_Neuron,,,,,0.04553142253758479,,,,,,,
ATPtm_Neuron,,,,,0.00010683948629613118,,,,,,,
BACCLm_Neuron,,,,,0.00041114469857697514,,,,,,,
BALAVECSEC_Neuron,,,,,0.00033161763977769705,,,,,,,
BALAtmr_Neuron,,,,,0.00041114469857697514,,,,,,,
BAMPPALDOXm_Neuron,,,,,-0.0007920333288125203,,,,,,,
BDHm_Neuron,,,,,-0.0005861938996383584,,,,,,,
BETALDHxm_Neuron,,,,,-0.0002046689298682055,,,,,,,
BHBt_Neuron,,,,,-0.0002046689298682055,,,,,,,
BHBtm_Neuron,,,,,3.5303352139489006e-05,,,,,,,
BTNDm_Neuron,,,,,3.5303352139489006e-05,,,,,,,
BTNPLm_Neuron,,,,,0.00011846558886805332,,,,,,,
BTNt2_Neuron,,,,,-0.0002666579555375264,,,,,,,
BTNt2m_Neuron,,,,,-0.00015228474047427443,,,,,,,
BTNt4i_Neuron,,,,,-0.0009275507387141122,,,,,,,
C160CPT2_Neuron,,,,,-6.148462305356609e-05,,,,,,,
C160CRNt_Neuron,,,,,-3.0327081406162965e-05,,,,,,,
C204CPT2_Neuron,,,,,-3.144836643983215e-05,,,,,,,
C226CPT2_Neuron,,,,,0.0003327709816507223,,,,,,,
C2M26DCOAHLm_Neuron,,,,,0.0008268365236869214,,,,,,,
CATm_Neuron,,,,,0.0003812034795849108,,,,,,,
CBL2tm_Neuron,,,,,9.739286442136728e-05,,,,,,,
CBLATm_Neuron,,,,,9.739286442136728e-05,,,,,,,
CDPDAGtm_Neuron,,,,,3.5303352139489006e-05,,,,,,,
CDSm_Neuron,,,,,0.00010911185047584308,,,,,,,
CHSTEROLt3_Neuron,,,,,9.23615735100484e-05,,,,,,,
CITRtm_Neuron,,,,,0.0004685463588550941,,,,,,,
CITtam_Neuron,,,,,0.0008136437068819439,,,,,,,
CITtbm_Neuron,,,,,0.0015645197428918792,,,,,,,
CK_Neuron,,,,,-0.0002046689298682055,,,,,,,
CO2t_Neuron,,,,,-0.0007920333288125203,,,,,,,
CO2tm_Neuron,,,,,0.00034799326055135697,,,,,,,
COQ3m_Neuron,,,,,0.006093872898185161,,,,,,,
COQ5m_Neuron,,,,,0.0007782211572269664,,,,,,,
COQ6m_Neuron,,,,,0.0015541288744225247,,,,,,,
COQ7m_Neuron,,,,,0.00033161763977769705,,,,,,,
COUCOAFm_Neuron,,,,,0.00031990197165382363,,,,,,,
CPPPGO_Neuron,,,,,0.0002386695242067018,,,,,,,
CRNt_Neuron,,,,,0.0002386695242067018,,,,,,,
CRNtim_Neuron,,,,,0.00042372110476934186,,,,,,,
CSNAT2m_Neuron,,,,,2.769850515286764e-05,,,,,,,
CSNATm_Neuron,,,,,7.929046479435507e-05,,,,,,,
CSm_Neuron,,,,,5.9679478758062595e-05,,,,,,,
CYANSTm_Neuron,,,,,0.00041114469857697514,,,,,,,
CYANt_Neuron,,,,,0.00031990197165382363,,,,,,,
CYANtm_Neuron,,,,,-1.8694479559036078e-05,,,,,,,
CYOOm2_Neuron,,,-inf,,0.025935059682714347,,,,,,,
CYOR-u10m_Neuron,,,,,0.050431630557496,,,,,,,
CYSGLUexR_Neuron,,,,,0.000667005053832258,,,,,,,
CYSGLYexR_Neuron,,,,,0.001454975094521247,,,,,,,
CYSO_Neuron,,,,,9.739286442136728e-05,,,,,,,
CYSTAm_Neuron,,,,,-0.0008640204160382624,,,,,,,
CYStec_Neuron,,,,,-0.0018984176020697293,,,,,,,
CYTK1m_Neuron,,,,,-0.0010263298672965318,,,,,,,
D-LACt2_Neuron,,,,,0.00021611498196491216,,,,,,,
D-LACtm_Neuron,,,,,0.00017068846249904208,,,,,,,
DDPGAm_Neuron,,,,,0.0001062447253221278,,,,,,,
DECDPtm_Neuron,,,,,0.00011846558886805332,,,,,,,
DGNSKm_Neuron,,,,,0.00012650914403426823,,,,,,,
DGSNt_Neuron,,,,,3.5303352139489006e-05,,,,,,,
DGSNtm_Neuron,,,,,3.5303352139489006e-05,,,,,,,
DHDPBMTm_Neuron,,,,,3.5303352139489006e-05,,,,,,,
DHFtm_Neuron,,,,,-1.8694479559036078e-05,,,,,,,
DMGDHm_Neuron,,,,,2.769850515286764e-05,,,,,,,
DMGtm_Neuron,,,,,0.00010916522953463486,,,,,,,
DPGM_Neuron,,,,,-0.00022956483427968041,,,,,,,
DPGase_Neuron,,,,,-6.148462305356609e-05,,,,,,,
DPHMBDCm_Neuron,,,,,0.00021611498196491216,,,,,,,
DURIK1m_Neuron,,,,,0.0001768205855440932,,,,,,,
DURIt_Neuron,,,,,-0.0010263298672965318,,,,,,,
DUTPDPm_Neuron,,,,,-0.00015312627806082603,,,,,,,
ECOAH12m_Neuron,,,,,-0.0008548664327940709,,,,,,,
ECOAH1m_Neuron,,,,,0.0017149572697429038,,,,,,,
ECOAH9m_Neuron,,,,,-0.0009769952712794163,,,,,,,
EHGLAT2m_Neuron,,,,,0.00012845064379203607,,,,,,,
EHGLATm_Neuron,,,,,-0.0007615151437075407,,,,,,,
ENO_Neuron,,,,,0.047256409311135936,,,,,,,
ETF_Neuron,,,,,0.00012845064379203607,,,,,,,
ETFQO_Neuron,,,,,-0.0007615151437075407,,,,,,,
ETOHMO_Neuron,,,,,0.000138437910652117,,,,,,,
ETOHt_Neuron,,,,,0.00012845064379203607,,,,,,,
FALDtm_Neuron,,,,,-0.0007615151437075407,,,,,,,
FBA_Neuron,,,,,0.048332782654463106,,,,,,,
FCLTm_Neuron,,,,,-0.0008938950691198464,,,,,,,
FE2tm_Neuron,,,,,-4.9768873813478615e-05,,,,,,,
FORt2m_Neuron,,,,,-7.432134522572654e-05,,,,,,,
FPGS2m_Neuron,,,,,-6.181128319717305e-05,,,,,,,
FPGS3m_Neuron,,,,,9.170221108842809e-05,,,,,,,
FPGS4m_Neuron,,,,,0.00048442201018539303,,,,,,,
FPGS5m_Neuron,,,,,-0.0002052179462962456,,,,,,,
FPGS6m_Neuron,,,,,0.00010900890532639001,,,,,,,
FPGS7m_Neuron,,,,,0.00021611498196491216,,,,,,,
FPGS8m_Neuron,,,,,0.0008203558350075098,,,,,,,
FPGS9m_Neuron,,,,,0.00010911185047584308,,,,,,,
FPGSm_Neuron,,,,,0.0001062447253221278,,,,,,,
FTHFLm_Neuron,,,,,-6.290667862022768e-06,,,,,,,
FUMSO3tm_Neuron,,,,,9.739286442136728e-05,,,,,,,
FUMSO4tm_Neuron,,,,,0.0001062447253221278,,,,,,,
FUMTSULtm_Neuron,,,,,-6.290667862022768e-06,,,,,,,
FUMm_Neuron,,,,,9.739286442136728e-05,,,,,,,
FUMtm_Neuron,,,,,0.00034885953671839453,,,,,,,
G3PD2m_Neuron,,,,,9.739286442136728e-05,,,,,,,
G5SDym_Neuron,,,,,0.00010911185047584308,,,,,,,
G6PDH2r_Neuron,,,,,0.00014404670434343527,,,,,,,
GAPD_Neuron,,,,,0.04522964347669655,,,,,,,
GCALDDm_Neuron,,,,,0.00013071265367362142,,,,,,,
GCC2am_Neuron,,,,,0.00013071265367362142,,,,,,,
GCC2bim_Neuron,,,,,0.00018204843993713094,,,,,,,
GCC2cm_Neuron,,,,,0.00013283744423560508,,,,,,,
GCCam_Neuron,,,,,0.0035925457569737783,,,,,,,
GCCbim_Neuron,,,,,0.0003415197147614778,,,,,,,
GCCcm_Neuron,,,,,-1.486570867981368e-05,,,,,,,
GHMT2rm_Neuron,,,,,9.739286442136728e-05,,,,,,,
GHMT3m_Neuron,,,,,0.000869691389105281,,,,,,,
GLACOm_Neuron,,,,,0.001645145070623176,,,,,,,
GLNtm_Neuron,,,,,0.0031805260757935194,,,,,,,
GLU5Km_Neuron,,,,,0.00010911185047584308,,,,,,,
GLUDxm_Neuron,,,,,0.0005859121594079168,,,,,,,
GLUDym_Neuron,,,,,-4.261788350640908e-05,,,,,,,
GLUNm_Neuron,,,,,9.739286442136728e-05,,,,,,,
GLUTCOADHm_Neuron,,,,,3.5303352139489006e-05,,,,,,,
GLUVESSEC_Neuron,,,,,4.417348793513351e-05,,,,,,,
GLUt2m_Neuron,,,,,8.412214160287591e-05,,,,,,,
GLYATm_Neuron,,,,,-4.9768873813478615e-05,,,,,,,
GLYCLTDym_Neuron,,,,,0.0002677203402954747,,,,,,,
GLYCt_Neuron,,,,,0.0007122932250473831,,,,,,,
GLYCtm_Neuron,,,,,9.739286442136728e-05,,,,,,,
GLYKm_Neuron,,,,,9.739286442136728e-05,,,,,,,
GLYOXm_Neuron,,,-inf,,0.025709359487838694,,,,,,,
GLYtm_Neuron,,,,,0.00011795838574138737,,,,,,,
GND_Neuron,,,,,0.0003109889162615379,,,,,,,
GTHOm_Neuron,,,,,9.739286442136728e-05,,,,,,,
GTHPm_Neuron,,,,,0.00018272822010721406,,,,,,,
H2CO3Dm_Neuron,,,,,0.00011854948767958911,,,,,,,
H2O2t_Neuron,,,,,-2.0732302471984902e-05,,,,,,,
H2O2tm_Neuron,,,,,-0.00018713853918435965,,,,,,,
H2Ot_Neuron,,,,,0.00041114469857697514,,,,,,,
H2Otm_Neuron,,,,,0.00031990197165382363,,,,,,,
HACD1m_Neuron,,,,,3.268452127857239e-05,,,,,,,
HACD9m_Neuron,,,,,1.7701491395824627e-05,,,,,,,
HBZOPT10m_Neuron,,,,,0.002562365327021682,,,,,,,
HCO3Em_Neuron,,,,,0.0016552728402513726,,,,,,,
HEX1_Neuron,,,-inf,,0.03791406014701092,,,,,,,
HIBDm_Neuron,,,,,0.00013035789588486884,,,,,,,
HMBS_Neuron,,,,,0.00010911185047584308,,,,,,,
HMGCOASim_Neuron,,,,,4.8228444525964784e-05,,,,,,,
HMGLm_Neuron,,,,,8.440413242440623e-05,,,,,,,
HPROxm_Neuron,,,,,0.000226618642917286,,,,,,,
Ht_Neuron,,,,,0.00041114469857697514,,,,,,,
Htm_Neuron,,,,,0.00031990197165382363,,,,,,,
ICDHxm_Neuron,,,,,0.00010911185047584308,,,,,,,
ICDHyrm_Neuron,,,,,0.00010911185047584308,,,,,,,
ILETA_Neuron,,,,,2.769850515286764e-05,,,,,,,
ILETAm_Neuron,,,,,0.00021611498196491216,,,,,,,
ILEt5m_Neuron,,,,,9.739286442136728e-05,,,,,,,
ILEtec_Neuron,,,,,0.00045641082987285157,,,,,,,
IMACTD_m_Neuron,,,,,8.525011547203733e-05,,,,,,,
ITCOAL1m_Neuron,,,,,-0.00017064716116578241,,,,,,,
ITCOALm_Neuron,,,,,-1.918113220858372e-05,,,,,,,
Kt1r_Neuron,,,,,-3.2227548091091496e-05,,,,,,,
L-LACt2r_Neuron,,,,,0.0004369692823607295,,,,,,,
L-LACtm_Neuron,,,,,0.0009337375675754023,,,,,,,
LCADi_Dm_Neuron,,,,,-3.9783011242623174e-05,,,,,,,
LCADim_Neuron,,,,,-3.9783011242623174e-05,,,,,,,
LCYSTATm_Neuron,,,,,-3.9783011242623174e-05,,,,,,,
LDH_L_Neuron,,,,,0.0002492472855941894,,,,,,,
LDH_Lm_Neuron,,,,,0.00013007943204925026,,,,,,,
LEUTA_Neuron,,,,,0.00024019905421511555,,,,,,,
LEUTAm_Neuron,,,,,0.00013411160366096124,,,,,,,
LEUt5m_Neuron,,,,,7.71810655897266e-06,,,,,,,
LEUtec_Neuron,,,,,8.440413242440623e-05,,,,,,,
LSOProd_Neuron,,,,,4.8228444525964784e-05,,,,,,,
LYStiDF_Neuron,,,,,3.5303352139489006e-05,,,,,,,
LYStm_Neuron,,,,,0.0001245600996918739,,,,,,,
MALSO3tm_Neuron,,,,,-0.0002541066024041412,,,,,,,
MALSO4tm_Neuron,,,,,-0.00024411293946622844,,,,,,,
MALTSULtm_Neuron,,,,,3.2159250846455446e-05,,,,,,,
MALtm_Neuron,,,,,3.2159250846455446e-05,,,,,,,
MCCCrm_Neuron,,,,,0.00012081481461029912,,,,,,,
MDH_Neuron,,,,,-1.0599306871729399e-05,,,,,,,
MDHm_Neuron,,,,,0.00010911185047584308,,,,,,,
ME2m_Neuron,,,,,0.00031990197165382363,,,,,,,
MECOALm_Neuron,,,,,5.9679478758062595e-05,,,,,,,
MECOAS1m_Neuron,,,,,5.9679478758062595e-05,,,,,,,
MGCHrm_Neuron,,,,,5.9679478758062595e-05,,,,,,,
MMCDm_Neuron,,,,,5.9679478758062595e-05,,,,,,,
MMEm_Neuron,,,,,5.9679478758062595e-05,,,,,,,
MMMm_Neuron,,,,,5.9679478758062595e-05,,,,,,,
MMSAD1m_Neuron,,,,,5.9679478758062595e-05,,,,,,,
MMSAD3m_Neuron,,,,,5.9679478758062595e-05,,,,,,,
MTHFCm_Neuron,,,,,5.9679478758062595e-05,,,,,,,
MTHFDm_Neuron,,,,,5.9679478758062595e-05,,,,,,,
NABTNOm_Neuron,,,,,0.00045928494114370454,,,,,,,
NADH2-u10m_Neuron,,,,,0.047853808599988376,,,,,,,
NDPK10m_Neuron,,,,,0.00012642141615697015,,,,,,,
NDPK1m_Neuron,,,,,6.009842774352834e-05,,,,,,,
NDPK2m_Neuron,,,,,6.009842774352834e-05,,,,,,,
NDPK3m_Neuron,,,,,6.009842774352834e-05,,,,,,,
NDPK4m_Neuron,,,,,0.0011386942600029933,,,,,,,
NDPK5m_Neuron,,,,,0.0007782211572269664,,,,,,,
NDPK6m_Neuron,,,,,0.0015541288744225247,,,,,,,
NDPK7m_Neuron,,,,,0.00030511806373590674,,,,,,,
NDPK8m_Neuron,,,,,7.86236730892135e-05,,,,,,,
NDPK9m_Neuron,,,,,-1.8694479559036078e-05,,,,,,,
NH4t3r_Neuron,,,,,3.2159250846455446e-05,,,,,,,
NMNATm_Neuron,,,,,3.2159250846455446e-05,,,,,,,
NNATm_Neuron,,,,,5.212383078533542e-05,,,,,,,
NTD1m_Neuron,,,,,2.769850515286764e-05,,,,,,,
NTD2m_Neuron,,,,,0.00031990197165382363,,,,,,,
NTD5m_Neuron,,,,,0.00025849625583395036,,,,,,,
NaKt_Neuron,,,,,0.0006545574273916534,,,,,,,
O2St_Neuron,,,,,-0.0020311782385705056,,,,,,,
O2Stm_Neuron,,,,,0.00013071265367362142,,,,,,,
O2t_Neuron,,,,,5.077963698650672e-05,,,,,,,
O2tm_Neuron,,,,,4.160744092553143e-05,,,,,,,
OCOAT1m_Neuron,,,,,0.0008717465935019095,,,,,,,
OIVD1m_Neuron,,,,,0.00021611498196491216,,,,,,,
OIVD2m_Neuron,,,,,9.739286442136728e-05,,,,,,,
OIVD3m_Neuron,,,,,0.00021611498196491216,,,,,,,
ORNTArm_Neuron,,,,,-0.00016530028065187534,,,,,,,
ORNt3m_Neuron,,,,,0.00011995672283549808,,,,,,,
ORNt4m_Neuron,,,,,0.00021611498196491216,,,,,,,
ORNtiDF_Neuron,,,,,-0.00016530028065187534,,,,,,,
P45011A1m_Neuron,,,,,0.00010911185047584308,,,,,,,
P5CDm_Neuron,,,,,0.00010911185047584308,,,,,,,
PCFLOPm_Neuron,,,,,-0.0009509968216427688,,,,,,,
PDHm_Neuron,,,,,2.769850515286764e-05,,,,,,,
PEFLIP_Neuron,,,,,0.0008190698796432528,,,,,,,
PEFLIPm_Neuron,,,,,0.00036782595648411886,,,,,,,
PETOHMm_hs_Neuron,,,,,0.00011846558886805332,,,,,,,
PFK_Neuron,,,,,0.05261080785935804,,,,,,,
PGI_Neuron,,,,,0.0481464822734931,,,,,,,
PGK_Neuron,,,,,0.0481464822734931,,,,,,,
PGL_Neuron,,,,,0.002117032855035969,,,,,,,
PGM_Neuron,,,-inf,,0.0370001198207536,,,,,,,
PHCDm_Neuron,,,,,0.0004296880629207946,,,,,,,
PHCHGSm_Neuron,,,,,0.00013007943204925026,,,,,,,
PHEMEtm_Neuron,,,,,-0.00017216281633004833,,,,,,,
PHETA1m_Neuron,,,,,-0.00010242783719972957,,,,,,,
PIt2m_Neuron,,,,,8.927065730266034e-05,,,,,,,
PIt7_Neuron,,,,,-0.0009275507387141122,,,,,,,
PNTKm_Neuron,,,,,0.0002200707678750005,,,,,,,
PPA_Neuron,,,,,0.04760970724498896,,,,,,,
PPA2m_Neuron,,,,,0.01241063777142961,,,,,,,
PPAm_Neuron,,,-inf,,0.04788650369659315,,,,,,,
PPAt_Neuron,,,,,3.5303352139489006e-05,,,,,,,
PPAtm_Neuron,,,,,0.0008717465935019095,,,,,,,
PPBNGS_Neuron,,,,,0.00021611498196491216,,,,,,,
PPCOACm_Neuron,,,,,0.00022817070134729402,,,,,,,
PPCOAOm_Neuron,,,,,0.00010911185047584308,,,,,,,
PPPG9tm_Neuron,,,,,0.0005470642673532477,,,,,,,
PPPGOm_Neuron,,,,,0.00045928494114370454,,,,,,,
PRGNLONEtm_Neuron,,,,,-0.00050589763724553,,,,,,,
PRO1xm_Neuron,,,,,-0.00050589763724553,,,,,,,
PROD2m_Neuron,,,,,0.00011908339286582573,,,,,,,
PROt2r_Neuron,,,,,0.00013071265367362142,,,,,,,
PROtm_Neuron,,,,,-0.0003092928387118803,,,,,,,
PRPNCOAHYDm_Neuron,,,,,1.6982339866919697e-05,,,,,,,
PSFLIP_Neuron,,,,,0.0002524792369402011,,,,,,,
PSFLIPm_Neuron,,,,,0.0002310761760284299,,,,,,,
PYK_Neuron,,,,,0.05344003148250903,,,,,,,
PYLALDOXm_Neuron,,,,,9.739286442136728e-05,,,,,,,
PYRt2m_Neuron,,,,,0.0008601107197672855,,,,,,,
PYRt2r_Neuron,,,,,0.00010911185047584308,,,,,,,
RPE_Neuron,,,,,0.0002492472855941894,,,,,,,
RPI_Neuron,,,,,-4.100063307163875e-06,,,,,,,
SACCD3m_Neuron,,,,,4.8228444525964784e-05,,,,,,,
SACCD4m_Neuron,,,,,0.0001192702611746495,,,,,,,
SARCStm_Neuron,,,,,0.00024019905421511555,,,,,,,
SARDHm_Neuron,,,,,3.5303352139489006e-05,,,,,,,
SERGLNexR_Neuron,,,,,3.5303352139489006e-05,,,,,,,
SERGLYexR_Neuron,,,,,-0.00016530028065187534,,,,,,,
SERt4_Neuron,,,,,0.0007782211572269664,,,,,,,
SLDxm_Neuron,,,,,0.0015541288744225247,,,,,,,
SPODMm_Neuron,,,,,0.0007100173030438955,,,,,,,
SSALxm_Neuron,,,,,-0.0008128267972701764,,,,,,,
SUCCt2m_Neuron,,,,,-0.00016530028065187534,,,,,,,
SUCD1m_Neuron,,,,,-0.00016530028065187534,,,,,,,
SUCOAS1m_Neuron,,,,,0.00011846558886805332,,,,,,,
SUCOASm_Neuron,,,,,-0.00015312627806082603,,,,,,,
SULFOX_Neuron,,,,,9.739286442136728e-05,,,,,,,
T2M26DCOAHLm_Neuron,,,,,-0.00032659832768046435,,,,,,,
T4HCINNMFM_Neuron,,,,,0.00010916522953463486,,,,,,,
TALA_Neuron,,,,,0.00022496725025360852,,,,,,,
TCYNTt_Neuron,,,,,0.00045641082987285157,,,,,,,
TCYNTtm_Neuron,,,,,8.525011547203733e-05,,,,,,,
THD1m_Neuron,,,,,-0.0001586375818638361,,,,,,,
THFtm_Neuron,,,,,4.830794218609718e-06,,,,,,,
THYMDt1_Neuron,,,,,-0.0008196773869655807,,,,,,,
TKT1_Neuron,,,,,-0.0009275507387141122,,,,,,,
TKT2_Neuron,,,-inf,,0.035057417604409113,,,,,,,
TMDK1m_Neuron,,,,,-0.00025316104409837335,,,,,,,
TPI_Neuron,,,-inf,,0.03594970669747896,,,,,,,
TRDRm_Neuron,,,,,-0.00018887332544559527,,,,,,,
TYRTAm_Neuron,,,,,0.00015486945116010062,,,,,,,
UPP3S_Neuron,,,,,-0.0002512585206940785,,,,,,,
UPPDC1_Neuron,,,,,5.9679478758062595e-05,,,,,,,
URIt_Neuron,,,,,5.9679478758062595e-05,,,,,,,
VALTA_Neuron,,,,,5.9679478758062595e-05,,,,,,,
VALTAm_Neuron,,,,,0.0008423544502683526,,,,,,,
VALt5m_Neuron,,,,,0.00011995672283549808,,,,,,,
VALtec_Neuron,,,,,-0.00197404575935389,,,,,,,
VITD2Hm_Neuron,,,,,-0.0016963594051533552,,,,,,,
VITD2tm_Neuron,,,,,0.00021611498196491216,,,,,,,
VITD3Hm_Neuron,,,,,5.077963698650672e-05,,,,,,,
VITD3tm_Neuron,,,,,-0.00016530028065187534,,,,,,,
VITD3tm3_Neuron,,,,,0.00010916522953463486,,,,,,,
MTDNAploym_Neuron,,,,,0.0001393955532376698,,,,,,,
MTDNAdpolym_Neuron,,,,,0.00041190854991797417,,,,,,,
DAKm_Neuron,,,,,0.0011804567170872423,,,,,,,
DTKm_Neuron,,,,,0.0009808494723926855,,,,,,,
DCKm_Neuron,,,,,-0.0002723406519336072,,,,,,,
DGKm_Neuron,,,,,-0.0006538956030202682,,,,,,,
NH3tm_Neuron,,,,,0.00021611498196491216,,,,,,,
NDPK1_Neuron,,,,,0.0001301824253223724,,,,,,,
NACASPtm_Neuron,,,,,-0.0006538956030202682,,,,,,,
NACASPt_Neuron,,,,,-0.0002723406519336072,,,,,,,
GGNG_Neuron,,,,,-0.0002723406519336072,,,,,,,
GLGNS1_Neuron,,,,,-0.0006251068540199718,,,,,,,
GLBRAN_Neuron,,,,,-0.0006538956030202682,,,,,,,
GLDBRAN_Neuron,,,,,0.0005135547220981774,,,,,,,
SERtm_Neuron,,,,,-0.00012484656028489887,,,,,,,
UREAt_Neuron,,,,,-0.00012484656028489887,,,,,,,
UREAtm_Neuron,,,,,0.0007845409777735627,,,,,,,
GLNtN1_Neuron,,,,,4.930221241560016e-05,,,,,,,
DM_4mptnl(m)_Neuron,,,,,1.7344618281661698e-06,,,,,,,
DM_prgnlone(c)_Neuron,,,,,-0.00016530028065187534,,,,,,,
DM_nadph(c)_Neuron,,,,,0.0001062447253221278,,,,,,,
DM_atp(m)_Neuron,,,,,0.000226618642917286,,,,,,,
sink_chsterol_Neuron,,,,,0.0045203140316221685,,,,,,,
DM_1a2425thvitd3_Neuron,,,,,0.00024042848819172361,,,,,,,
DM_1a2425thvitd2_Neuron,,,,,0.00021280156176904405,,,,,,,
sink_vitd3_Neuron,,,,,0.0009769079953249637,,,,,,,
sink_vitd2_Neuron,,,,,-0.00010555096430182614,,,,,,,
CKc_Neuron,,,,,0.001489592985196589,,,,,,,
CREATtmdiffir_Neuron,,,,,0.0005176790506211301,,,,,,,
PCREATtmdiffir_Neuron,,,,,0.00024042848819172361,,,,,,,
ALATA_L_Neuron,,,,,0.00012708128655086919,,,,,,,
